Query_ID	Target_ID	Optimal_offset	p-value	E-value	q-value	Overlap	Query_consensus	Target_consensus	Orientation
m01_ACAAWGV	SOX4	1	1.51286e-08	1.3298e-05	2.64408e-05	7	ACAAAGG	AACAAAGG	+
m01_ACAAWGV	Sox6	3	4.68302e-07	0.000411637	0.000409235	7	ACAAAGG	AAAACAATGG	-
m01_ACAAWGV	SOX10	0	1.40671e-05	0.012365	0.00819519	6	ACAAAGG	ACAAAG	+
m01_ACAAWGV	SOX13	0	6.51521e-05	0.0572687	0.0247532	7	ACAAAGG	ACAATGG	+
m01_ACAAWGV	SOX15	0	7.45603e-05	0.0655385	0.0247532	7	ACAAAGG	ACAATAG	-
m01_ACAAWGV	Sox3	0	8.49778e-05	0.0746955	0.0247532	7	ACAAAGG	ACAATGG	+
m01_ACAAWGV	SOX2	0	0.000109059	0.0958627	0.0272295	7	ACAAAGG	ACAATGG	+
m01_ACAAWGV	Sox11	2	0.000178258	0.156689	0.0389435	6	ACAAAGG	GAACAAAG	+
m01_ACAAWGV	Sox5	1	0.000275056	0.241774	0.053414	7	ACAAAGG	AACAATGG	+
m01_ACAAWGV	Sox7	3	0.000316642	0.278328	0.0553407	7	ACAAAGG	AGAACAATGG	+
m01_ACAAWGV	Sox17	3	0.000392484	0.344994	0.0608046	7	ACAAAGG	AGAACAATGG	+
m01_ACAAWGV	Dmrt1	1	0.000417485	0.366969	0.0608046	7	ACAAAGG	TACAAAGTA	+
m01_ACAAWGV	Sox1	1	0.000816662	0.717846	0.109793	7	ACAAAGG	AACAATGTTATTGTT	-
m01_ACAAWGV	SOX8	1	0.00102387	0.89998	0.127818	6	ACAAAGG	AACAATG	+
m01_ACAAWGV	POU2F1::SOX2	10	0.00173519	1.52523	0.202177	7	ACAAAGG	AATTTGCATAACAATGG	+
m01_ACAAWGV	SOX18	1	0.0020332	1.78718	0.222094	7	ACAAAGG	AACAATTC	+
m01_ACAAWGV	SOX14	3	0.00226064	1.9871	0.232412	6	ACAAAGG	CGAACAATG	+
m01_ACAAWGV	SOX21	1	0.00338065	2.97159	0.310974	7	ACAAAGG	AACAATGGTAGTGTT	+
m01_ACAAWGV	SOX9	1	0.00338066	2.9716	0.310974	7	ACAAAGG	AACAATGG	-
m01_ACAAWGV	SRY	2	0.00714642	6.2817	0.624503	5	ACAAAGG	AAACAAT	+
m01_ACAAWGV	Hnf1A	3	0.0102097	8.97429	0.804261	7	ACAAAGG	AGATCAAAGG	-
m01_ACAAWGV	Lef1	1	0.0105198	9.24693	0.804261	7	ACAAAGG	ATCAAAGG	-
m01_ACAAWGV	TCF7	1	0.0110037	9.67224	0.804261	6	ACAAAGG	ATCAAAG	-
m01_ACAAWGV	TCF7L1	5	0.0110441	9.7078	0.804261	7	ACAAAGG	AAAGATCAAAGG	+
m02_AYAATD	SOX18	1	2.13543e-05	0.0187705	0.0358984	6	ACAATA	AACAATTC	+
m02_AYAATD	SOX8	1	0.00029738	0.261397	0.24996	6	ACAATA	AACAATG	+
m02_AYAATD	SOX14	3	0.000719547	0.632482	0.284881	6	ACAATA	CGAACAATG	+
m02_AYAATD	Sox1	1	0.000726702	0.638771	0.284881	6	ACAATA	AACAATAACATTGTT	+
m02_AYAATD	SOX15	0	0.000852947	0.749741	0.284881	6	ACAATA	ACAATAG	-
m02_AYAATD	SOX13	0	0.00121311	1.06633	0.284881	6	ACAATA	ACAATGG	+
m02_AYAATD	SOX2	0	0.0013557	1.19166	0.284881	6	ACAATA	ACAATGG	+
m02_AYAATD	Sox3	0	0.0013557	1.19166	0.284881	6	ACAATA	ACAATGG	+
m02_AYAATD	ZNF143	5	0.00186007	1.635	0.347179	6	ACAATA	TACCCACAATGCATTG	+
m02_AYAATD	Sox5	1	0.00229826	2.02017	0.347179	6	ACAATA	AACAATGG	+
m02_AYAATD	Sox7	3	0.00232882	2.04703	0.347179	6	ACAATA	AGAACAATGG	+
m02_AYAATD	SOX21	1	0.00247825	2.17839	0.347179	6	ACAATA	AACAATGGTAGTGTT	+
m02_AYAATD	SOX9	1	0.0030734	2.70151	0.396575	6	ACAATA	AACAATGG	-
m02_AYAATD	POU2F1::SOX2	10	0.00332737	2.92476	0.396575	6	ACAATA	AATTTGCATAACAATGG	+
m02_AYAATD	Sox17	3	0.00353857	3.1104	0.396575	6	ACAATA	AGAACAATGG	+
m02_AYAATD	ZNF410	7	0.0059427	5.22363	0.602754	6	ACAATA	CCATCCCATAATACTC	+
m02_AYAATD	SRY	2	0.00666618	5.85957	0.602754	5	ACAATA	AAACAAT	+
m02_AYAATD	HESX1	-1	0.00679628	5.97393	0.602754	5	ACAATA	CAATTA	-
m02_AYAATD	EN1	-1	0.00722389	6.3498	0.602754	5	ACAATA	TAATTA	+
m02_AYAATD	GBX2	-1	0.00767477	6.74613	0.602754	5	ACAATA	CAATTA	+
m02_AYAATD	ZNF76	4	0.0086538	7.60669	0.602754	6	ACAATA	ACCCACAATGCACCGCG	+
m02_AYAATD	Shox2	-1	0.00865394	7.60681	0.602754	5	ACAATA	TAATTA	+
m02_AYAATD	ISX	-1	0.00975207	8.57207	0.602754	5	ACAATA	TAATTA	+
m02_AYAATD	RAX	-1	0.00975207	8.57207	0.602754	5	ACAATA	CAATTA	+
m02_AYAATD	TLX2	-1	0.00975207	8.57207	0.602754	5	ACAATA	TAATTA	+
m02_AYAATD	GBX1	0	0.0103306	9.08057	0.602754	6	ACAATA	CTAATTA	+
m02_AYAATD	ZNF136	8	0.0104266	9.16494	0.602754	6	ACAATA	GTCAACCAAGAATTC	-
m02_AYAATD	MSX1	-1	0.0109922	9.66217	0.602754	5	ACAATA	CAATTA	+
m03_AYAAAD	CDX4	3	0.000210798	0.185292	0.370539	6	ACAAAA	GCAATAAAA	+
m03_AYAAAD	CDX1	4	0.000635373	0.558493	0.558426	6	ACAAAA	GGCAATAAAA	+
m03_AYAAAD	ZNF384	1	0.00204338	1.79613	0.596766	6	ACAAAA	AAAAAAAA	+
m03_AYAAAD	SOX10	0	0.00213422	1.87598	0.596766	6	ACAAAA	ACAAAG	+
m03_AYAAAD	HOXB13	3	0.00214504	1.88549	0.596766	6	ACAAAA	CCAATAAAA	+
m03_AYAAAD	TBP	1	0.00217671	1.91333	0.596766	6	ACAAAA	TATAAAA	+
m03_AYAAAD	HOXD9	3	0.00237649	2.08893	0.596766	6	ACAAAA	GCAATAAAA	+
m03_AYAAAD	SOX15	0	0.00427254	3.75557	0.791364	6	ACAAAA	ACAATAG	-
m03_AYAAAD	Hoxd13	2	0.00494661	4.34807	0.791364	5	ACAAAA	CAATAAA	+
m03_AYAAAD	CDX2	3	0.00500278	4.39744	0.791364	5	ACAAAA	GCAATAAA	+
m03_AYAAAD	Hoxa13	3	0.00500278	4.39744	0.791364	5	ACAAAA	CCAATAAA	+
m03_AYAAAD	Sox11	2	0.00540245	4.74875	0.791364	6	ACAAAA	GAACAAAG	+
m03_AYAAAD	HOXA10	3	0.00634157	5.57424	0.821413	6	ACAAAA	GTAATAAAA	+
m03_AYAAAD	FOXD2	4	0.00654218	5.75058	0.821413	6	ACAAAA	TTAAACAAACA	+
m03_AYAAAD	SOX4	1	0.00826687	7.26658	0.968761	6	ACAAAA	AACAAAGG	+
m03_AYAAAD	Arid3a	0	0.0107232	9.42567	0.99988	6	ACAAAA	ATTAAA	+
m04_AWGAAW	Stat5a	4	0.00539005	4.73785	1	5	AAGAAA	TTCCAAGAA	+
m04_AWGAAW	ZNF766	0	0.00671993	5.90682	1	6	AAGAAA	AAGAAACCT	+
m04_AWGAAW	ZNF680	2	0.00764359	6.71871	1	6	AAGAAA	CCAAGAAGAAT	+
m04_AWGAAW	Arid3a	0	0.00910545	8.00369	1	6	AAGAAA	ATTAAA	+
m05_AACANW	FOXP2	4	0.000203408	0.178796	0.329223	5	AACAGA	AGTAAACAA	+
m05_AACANW	ZSCAN16	11	0.000375231	0.329828	0.329223	6	AACAGA	GAGGCTCTGTTAACACTT	-
m05_AACANW	FOXG1	3	0.00063172	0.555282	0.369509	5	AACAGA	GTAAACAA	+
m05_AACANW	Foxj2	3	0.00121012	1.06369	0.478708	5	AACAGA	GTAAACAA	+
m05_AACANW	Foxj3	3	0.00136402	1.19897	0.478708	6	AACAGA	GTAAACAAA	+
m05_AACANW	SOX12	4	0.0021085	1.85337	0.616658	6	AACAGA	ACCGAACAAT	+
m05_AACANW	ZIM3	1	0.00278768	2.45037	0.659125	6	AACAGA	CAACAGAAACC	+
m05_AACANW	SOX21	0	0.00312756	2.74912	0.659125	6	AACAGA	AACACTACCATTGTT	-
m05_AACANW	NR3C2	2	0.00352146	3.09536	0.659125	6	AACAGA	GGAACACAATGTTCC	+
m05_AACANW	FOXF2	4	0.00396982	3.48947	0.659125	5	AACAGA	CGTAAACAA	+
m05_AACANW	Foxq1	4	0.00423739	3.72466	0.659125	6	AACAGA	AATAAACAAT	-
m05_AACANW	FOXE1	7	0.00450742	3.96202	0.659125	5	AACAGA	CTAAATAAACAA	+
m05_AACANW	SOX4	0	0.00582949	5.12413	0.679156	6	AACAGA	AACAAAGG	+
m05_AACANW	FOXA1	3	0.00582949	5.12413	0.679156	5	AACAGA	GTAAACAT	+
m05_AACANW	MYF6	0	0.00760385	6.68379	0.684624	6	AACAGA	AACAGCTGTT	-
m05_AACANW	NR3C1	2	0.00763835	6.71411	0.684624	6	AACAGA	GGAACATTATGTACC	-
m05_AACANW	FOXN3	3	0.00805525	7.08057	0.684624	5	AACAGA	GTAAACAA	+
m05_AACANW	Pgr	3	0.00812387	7.14089	0.684624	6	AACAGA	AAGAACAATTTGTTCTT	-
m05_AACANW	ZNF189	2	0.00898773	7.90021	0.684624	6	AACAGA	GGAACAGCA	-
m05_AACANW	SOX8	0	0.00975373	8.57353	0.684624	6	AACAGA	AACAATG	+
m05_AACANW	Sox5	0	0.0106851	9.39217	0.721149	6	AACAGA	AACAATGG	+
m06_TATW	Hoxd13	2	0.00095322	0.837881	1	4	TATT	TTTATTG	-
m06_TATW	MEF2B	2	0.00214347	1.88411	1	4	TATT	GCTATTTATAGC	-
m06_TATW	MEF2D	2	0.00214347	1.88411	1	4	TATT	TCTATTTATAGT	-
m06_TATW	HOXB13	3	0.00272067	2.39147	1	4	TATT	TTTTATTGG	-
m06_TATW	CDX2	2	0.00377974	3.32239	1	4	TATT	TTTATTGC	-
m06_TATW	SATB1	1	0.00521306	4.58228	1	4	TATT	TTATTAG	-
m06_TATW	Hoxa13	2	0.00556509	4.89171	1	4	TATT	TTTATTGG	-
m06_TATW	ZNF410	3	0.00588543	5.17329	1	4	TATT	GAGTATTATGGGATGG	-
m06_TATW	MEF2A	1	0.00650265	5.71583	1	4	TATT	CTATTTTTAG	-
m06_TATW	Arid5a	3	0.00651208	5.72411	1	4	TATT	TAATATTG	+
m06_TATW	MEF2C	2	0.00742814	6.52933	1	4	TATT	TCTATTTTTAG	-
m07_TRAAW	LIN54	2	0.000804657	0.707293	0.531799	5	TGAAA	TTTGAAT	+
m07_TRAAW	HOXB9	4	0.00155666	1.3683	0.531799	5	TGAAA	GTCGTAAAA	+
m07_TRAAW	HOXC9	4	0.00155666	1.3683	0.531799	5	TGAAA	GTCGTAAAA	+
m07_TRAAW	HOXD11	4	0.00181055	1.59148	0.531799	5	TGAAA	GTCGTAAAA	+
m07_TRAAW	HOXC13	4	0.00209935	1.84533	0.531799	5	TGAAA	CTCGTAAAA	+
m07_TRAAW	HOXD9	4	0.00209935	1.84533	0.531799	5	TGAAA	GCAATAAAA	+
m07_TRAAW	HOXD12	5	0.00216788	1.90557	0.531799	5	TGAAA	AGTCGTAAAA	+
m07_TRAAW	Arid3a	1	0.00249972	2.19725	0.531799	5	TGAAA	ATTAAA	+
m07_TRAAW	HOXC10	4	0.00279307	2.45511	0.531799	5	TGAAA	GTCGTAAAA	+
m07_TRAAW	HOXC12	5	0.00333938	2.93532	0.531799	5	TGAAA	GGTCGTAAAA	+
m07_TRAAW	HOXD10	5	0.00333938	2.93532	0.531799	5	TGAAA	GGTCGTAAAA	+
m07_TRAAW	CDX4	4	0.00365336	3.2113	0.533317	5	TGAAA	GCAATAAAA	+
m07_TRAAW	Hoxa11	4	0.00414802	3.64611	0.556858	5	TGAAA	GTCGTAAAA	+
m07_TRAAW	HOXC11	6	0.00445039	3.9119	0.556858	5	TGAAA	AGGTCGTAAAA	+
m07_TRAAW	CDX1	5	0.00495193	4.35275	0.578306	5	TGAAA	GGCAATAAAA	+
m07_TRAAW	HOXA10	4	0.00590898	5.19399	0.646944	5	TGAAA	GTAATAAAA	+
m07_TRAAW	HOXB13	4	0.00815893	7.1717	0.840734	5	TGAAA	CCAATAAAA	+
m07_TRAAW	Hmga1	1	0.00895147	7.86835	0.871157	5	TGAAA	ATAAAAAT	-
m07_TRAAW	TBP	2	0.0110728	9.73296	0.99645	5	TGAAA	TATAAAA	+
m08_ABAAW	ZIM3	4	0.000479192	0.421209	0.842419	5	AGAAA	CAACAGAAACC	+
m08_ABAAW	PRDM1	1	0.00190151	1.67143	1	5	AGAAA	GAGAAAG	-
m08_ABAAW	ZNF766	1	0.00316632	2.7832	1	5	AGAAA	AAGAAACCT	+
m08_ABAAW	Stat2	5	0.00416839	3.66401	1	5	AGAAA	GAAACAGAAA	+
m08_ABAAW	SOX4	1	0.00685848	6.0286	1	5	AGAAA	AACAAAGG	+
m08_ABAAW	ZNF184	1	0.00745908	6.55653	1	5	AGAAA	TAGAAAGGTGCAT	+
m08_ABAAW	ZNF35	1	0.00746814	6.5645	1	5	AGAAA	TAGAATT	-
m08_ABAAW	BCL6B	9	0.00900548	7.91582	1	5	AGAAA	TGAATTCCTAGAAAGCA	-
m09_ACAKW	PGR	0	0.0024759	2.17632	1	5	ACAGA	ACAGTCTGT	+
m09_ACAKW	ZIM3	2	0.00395911	3.48006	1	5	ACAGA	CAACAGAAACC	+
m09_ACAKW	MYF6	1	0.00516401	4.53917	1	5	ACAGA	AACAGCTGTT	-
m09_ACAKW	ZBTB32	3	0.00516401	4.53917	1	5	ACAGA	TGTACAGTAT	+
m09_ACAKW	MEIS2	3	0.00516725	4.54201	1	5	ACAGA	TTGACAGC	+
m09_ACAKW	TGIF2	2	0.00517959	4.55286	1	5	ACAGA	TGACAGCTGTCA	+
m09_ACAKW	ZSCAN16	8	0.00575239	5.05635	1	5	ACAGA	AAGTGTTAACAGAGCCTC	+
m09_ACAKW	NR3C2	3	0.00802048	7.05001	1	5	ACAGA	GGAACACAATGTTCC	+
m09_ACAKW	Neurod2	0	0.00985832	8.66546	1	5	ACAGA	ACAGATGG	+
m09_ACAKW	TAL1::TCF3	1	0.0107848	9.47983	1	5	ACAGA	AACAGATGGT	-
m10_AWSAA	FOXN3	3	0.00645703	5.67573	1	5	AACAA	GTAAACAA	+
m10_AWSAA	MEF2B	3	0.00648739	5.70242	1	5	AACAA	GCTATAAATAGC	+
m10_AWSAA	MEF2D	3	0.00750569	6.5975	1	5	AACAA	ACTATAAATAGA	+
m10_AWSAA	Arid3a	0	0.00805779	7.0828	1	5	AACAA	ATTAAA	+
m10_AWSAA	ZNF766	0	0.0102369	8.9982	1	5	AACAA	AAGAAACCT	+
m10_AWSAA	SOX14	2	0.0102369	8.9982	1	5	AACAA	CGAACAATG	+
m10_AWSAA	SOX21	0	0.0103058	9.05878	1	5	AACAA	AACAATGGTAGTGTT	+
m10_AWSAA	ZNF214	2	0.0111583	9.80812	1	5	AACAA	TCATCAAGGTCCT	+
m13_HAAA	TCF7L2	4	0.00109953	0.966483	0.993663	4	CAAA	AGATCAAAG	+
m13_HAAA	SOX10	1	0.00282456	2.48279	0.993663	4	CAAA	ACAAAG	+
m13_HAAA	TCF7	2	0.00376431	3.30883	0.993663	4	CAAA	ATCAAAG	-
m13_HAAA	POU2F3	4	0.00384423	3.37908	0.993663	4	CAAA	TATGCAAAT	+
m13_HAAA	Lef1	2	0.00391872	3.44456	0.993663	4	CAAA	ATCAAAGG	-
m13_HAAA	HNF4A	5	0.00446931	3.92852	0.993663	4	CAAA	GGGTCCAAAGGTCA	+
m13_HAAA	TCF7L1	6	0.00462694	4.06708	0.993663	4	CAAA	AAAGATCAAAGG	+
m13_HAAA	Hnf1A	4	0.00548191	4.8186	0.993663	4	CAAA	AGATCAAAGG	-
m13_HAAA	Rxra	5	0.00565224	4.96832	0.993663	4	CAAA	GGGGTCAAAGGTCA	+
m13_HAAA	RXRB	5	0.00565224	4.96832	0.993663	4	CAAA	GGGGTCAAAGGTCA	+
m13_HAAA	Sox11	3	0.00732949	6.44262	1	4	CAAA	GAACAAAG	+
m13_HAAA	FOXD2	5	0.00751445	6.6052	1	4	CAAA	TTAAACAAACA	+
m13_HAAA	RXRG	5	0.00860093	7.56021	1	4	CAAA	GGGGTCAAAGGTCA	+
m13_HAAA	POU5F1	3	0.00898575	7.89847	1	4	CAAA	ATGCAAA	+
m13_HAAA	E2F7	9	0.0103178	9.06934	1	4	CAAA	TTTTCCCGCCAAAA	+
m13_HAAA	LIN54	3	0.010685	9.39209	1	4	CAAA	ATTCAAA	-
m13_HAAA	HNF4A	0	0.0110551	9.71741	1	4	CAAA	CAAAGTCCA	+
m14_ATBT	Atoh1	2	0.00309329	2.719	1	4	ATCT	CCATCTG	-
m14_ATBT	NEUROG2	2	0.00452476	3.97726	1	4	ATCT	CCATCTG	-
m14_ATBT	TWIST1	2	0.00669208	5.88234	1	4	ATCT	ACATCTGG	-
m14_ATBT	HAND2	1	0.00698686	6.14145	1	4	ATCT	CATCTG	-
m14_ATBT	TCF7L1	6	0.0101519	8.92355	1	4	ATCT	CCTTTGATCTTT	-
m14_ATBT	Neurod2	2	0.0102725	9.02957	1	4	ATCT	CCATCTGT	-
m15_ATRGW	Msgn1	5	0.0033825	2.97322	1	5	ATGGA	GACAAATGGT	+
m15_ATRGW	RFX2	6	0.00412293	3.62406	1	5	ATGGA	GTTGCCATGGCAAC	-
m15_ATRGW	RFX5	6	0.0071982	6.32722	1	5	ATGGA	GTTGCCATGGCAAC	-
m15_ATRGW	Nfatc2	1	0.00959345	8.43264	1	5	ATGGA	AATGGAAA	+
m15_ATRGW	SRF	9	0.00969478	8.52171	1	5	ATGGA	TGACCATATATGGTCA	-
m16_WCTTR	NKX2-3	2	0.000560842	0.49298	0.98596	5	ACTTG	CCACTTGA	+
m16_WCTTR	Nkx2-1	1	0.00129822	1.14114	1	5	ACTTG	CACTTGA	+
m16_WCTTR	NKX2-8	2	0.00367631	3.23148	1	5	ACTTG	CCACTTGA	+
m16_WCTTR	NKX2-4	2	0.00411509	3.61716	1	5	ACTTG	CCACTTGA	+
m16_WCTTR	Nkx3-1	2	0.00911438	8.01154	1	5	ACTTG	CCACTTA	+
m16_WCTTR	ZNF582	6	0.0104519	9.18725	1	5	ACTTG	TCTGTTACTTGCAGCCAAA	+
m17_AACW	MYB	1	0.00123815	1.08834	1	4	AACT	CAACTG	+
m17_AACW	IRF6	5	0.00494188	4.34392	1	4	AACT	ACCGAAACT	+
m17_AACW	NR1I3	2	0.00666786	5.86105	1	4	AACT	TGAACTTT	+
m17_AACW	Vdr	2	0.00680787	5.98411	1	4	AACT	TGAACTC	-
m17_AACW	HMBOX1	2	0.0100006	8.79053	1	4	AACT	TTAACTA	-
m17_AACW	ZNF652	2	0.0101944	8.96088	1	4	AACT	TTAACTCTT	-
m18_AWA	MEF2D	3	0.00108703	0.955496	1	3	AAA	ACTATAAATAGA	+
m18_AWA	MEF2B	3	0.00370786	3.25921	1	3	AAA	GCTATAAATAGC	+
m18_AWA	TBP	3	0.00953261	8.37916	1	3	AAA	TATAAAA	+
m19_TGGWW	Hand1::Tcf3	3	0.000721425	0.634133	0.653925	5	TGGAA	GTCTGGCAT	+
m19_TGGWW	ZNF354C	1	0.000743942	0.653925	0.653925	5	TGGAA	GTGGAT	-
m19_TGGWW	ZBTB18	6	0.0042812	3.76317	1	5	TGGAA	AACATCTGGAT	-
m19_TGGWW	Nfatc1	0	0.00557062	4.89657	1	5	TGGAA	TGGAAA	+
m19_TGGWW	Runx1	3	0.00849966	7.4712	1	5	TGGAA	CTGTGGTTT	+
m19_TGGWW	Nkx3-2	5	0.00875948	7.69958	1	5	TGGAA	TTAAGTGGTT	-
m20_TTRA	Rxra	6	0.00102278	0.899024	0.598249	4	TTGA	TGACCTTTGACCCC	-
m20_TTRA	RXRB	6	0.00102278	0.899024	0.598249	4	TTGA	TGACCTTTGACCCC	-
m20_TTRA	RXRG	6	0.00102278	0.899024	0.598249	4	TTGA	TGACCTTTGACCCC	-
m20_TTRA	Nkx2-1	3	0.00264828	2.32784	0.634671	4	TTGA	CACTTGA	+
m20_TTRA	NKX2-5	0	0.00264828	2.32784	0.634671	4	TTGA	TTGAGTG	-
m20_TTRA	TCF7	2	0.00264828	2.32784	0.634671	4	TTGA	CTTTGAT	+
m20_TTRA	ONECUT1	2	0.00315883	2.77662	0.634671	4	TTGA	TATTGATTT	-
m20_TTRA	TCF7L2	2	0.00315883	2.77662	0.634671	4	TTGA	CTTTGATCT	-
m20_TTRA	PPARD	6	0.00325514	2.86127	0.634671	4	TTGA	TGACCTTTGACCCC	-
m20_TTRA	Lef1	3	0.00477342	4.19583	0.706897	4	TTGA	CCTTTGAT	+
m20_TTRA	Nr2F6	7	0.00483411	4.24918	0.706897	4	TTGA	TGACCTTTTGACCTC	-
m20_TTRA	Rarg	7	0.00483411	4.24918	0.706897	4	TTGA	TGACCTTTTGACCTT	-
m20_TTRA	TCF7L1	3	0.00594877	5.22897	0.802981	4	TTGA	CCTTTGATCTTT	-
m20_TTRA	Pax7	3	0.0066764	5.86855	0.836826	4	TTGA	TAATTGATTA	-
m20_TTRA	Nr5A2	5	0.00854937	7.5149	0.912935	4	TTGA	TGACCTTGA	+
m20_TTRA	Rarb	7	0.0085813	7.54296	0.912935	4	TTGA	TGACCTTTTGACCTTT	-
m20_TTRA	Hnf1A	3	0.00884439	7.77422	0.912935	4	TTGA	CCTTTGATCT	+
m20_TTRA	Arid3a	1	0.011057	9.71908	0.998165	4	TTGA	TTTAAT	-
m20_TTRA	NR1H2::RXRA	8	0.0112368	9.87717	0.998165	4	TTGA	GTTGACCTTTGACCTTT	-
m21_TTCW	Stat6	0	0.00069279	0.608963	1	4	TTCT	TTCTCAGGAA	-
m21_TTCW	Stat2	1	0.00272174	2.39241	1	4	TTCT	TTTCTGTTTC	-
m21_TTCW	HSF1	5	0.00310626	2.73041	1	4	TTCT	GAACGTTCTAGAA	-
m21_TTCW	BCL6B	4	0.00434607	3.82019	1	4	TTCT	TGCTTTCTAGGAATTCA	+
m21_TTCW	HSF2	5	0.00485569	4.26815	1	4	TTCT	GAACGTTCTAGAA	-
m21_TTCW	PRDM1	2	0.0051763	4.54997	1	4	TTCT	CTTTCTC	+
m21_TTCW	Stat5a	0	0.00548405	4.82048	1	4	TTCT	TTCTTGGAA	-
m21_TTCW	ZNF680	4	0.00599539	5.26994	1	4	TTCT	ATTCTTCTTGG	-
m21_TTCW	Stat5b	0	0.00657438	5.77888	1	4	TTCT	TTCTGGGAA	-
m21_TTCW	ZNF184	8	0.00748861	6.58249	1	4	TTCT	ATGCACCTTTCTA	-
m21_TTCW	Prdm4	4	0.00875622	7.69672	1	4	TTCT	CAGTTTCAAGG	-
m22_ACAAGG	SOX10	0	0.000895013	0.786717	0.686285	6	ACAAGG	ACAAAG	+
m22_ACAAGG	SOX4	1	0.00198386	1.74381	0.686285	6	ACAAGG	AACAAAGG	+
m22_ACAAGG	Sox6	3	0.0025351	2.22835	0.686285	6	ACAAGG	AAAACAATGG	-
m22_ACAAGG	ESRRB	0	0.0025351	2.22835	0.686285	6	ACAAGG	TCAAGGTCAT	+
m22_ACAAGG	ESRRA	0	0.00260758	2.29206	0.686285	6	ACAAGG	TCAAGGTCA	+
m22_ACAAGG	Nr5A2	0	0.00260758	2.29206	0.686285	6	ACAAGG	TCAAGGTCA	-
m22_ACAAGG	SOX13	0	0.00366857	3.22467	0.686285	6	ACAAGG	ACAATGG	+
m22_ACAAGG	Sox11	2	0.00389842	3.42671	0.686285	6	ACAAGG	GAACAAAG	+
m22_ACAAGG	Sox3	0	0.00393152	3.45581	0.686285	6	ACAAGG	ACAATGG	+
m22_ACAAGG	SOX2	0	0.00420475	3.69598	0.686285	6	ACAAGG	ACAATGG	+
m22_ACAAGG	Dmrt1	1	0.00433181	3.80766	0.686285	6	ACAAGG	TACAAAGTA	+
m22_ACAAGG	Esrrg	0	0.00469315	4.12528	0.686285	6	ACAAGG	TCAAGGTCA	+
m22_ACAAGG	Sox5	1	0.00598493	5.26075	0.807861	6	ACAAGG	AACAATGG	+
m22_ACAAGG	Sox7	3	0.00673912	5.92368	0.844687	6	ACAAGG	AGAACAATGG	+
m22_ACAAGG	SOX8	1	0.00869085	7.63926	0.956084	6	ACAAGG	AACAATG	+
m22_ACAAGG	Sox17	3	0.00893128	7.85059	0.956084	6	ACAAGG	AGAACAATGG	+
m22_ACAAGG	NR5A1	3	0.00926241	8.14166	0.956084	6	ACAAGG	AGTTCAAGGTCA	+
m22_ACAAGG	SOX15	0	0.010448	9.18377	0.96926	6	ACAAGG	ACAATAG	-
m22_ACAAGG	RARA	6	0.0104948	9.2249	0.96926	6	ACAAGG	GAGGTCAAAAGGTCAATG	+
m23_ASACA	Smad4	2	0.00595603	5.23535	1	5	ACACA	CTAGACA	-
m23_ASACA	FOXG1	2	0.00693225	6.09344	1	5	ACACA	GTAAACAA	+
m23_ASACA	FOXN3	2	0.00847271	7.44751	1	5	ACACA	GTAAACAA	+
m23_ASACA	Foxf1	2	0.00866082	7.61286	1	5	ACACA	GTAAACA	+
m23_ASACA	FOXP2	3	0.00926643	8.14519	1	5	ACACA	AGTAAACAA	+
m23_ASACA	FOXK1	2	0.0097043	8.53008	1	5	ACACA	GTAAACA	+
m23_ASACA	FOXK2	2	0.0097043	8.53008	1	5	ACACA	GTAAACA	+
m23_ASACA	FOXO6	2	0.0102553	9.01441	1	5	ACACA	GTAAACA	+
m23_ASACA	SMAD3	5	0.0111094	9.76515	1	5	ACACA	CGTCTAGACA	+
m24_ASTA	ZKSCAN1	2	0.0054409	4.78255	1	4	AGTA	ATAGTAGGT	+

# Tomtom (Motif Comparison Tool): Version 5.5.8 compiled on May 19 2025 at 00:33:59
# The format of this file is described at https://meme-suite.org/meme/doc/tomtom-output-format.html.
# tomtom -oc tomtom_from_dreme -thresh 10 -min-overlap 5 -dist ed -evalue /var/folders/zj/qks7f18j3cz0b50t1p0qvzbh0000gn/T//RtmpruRab6/filedaa70887e49.meme /var/folders/zj/qks7f18j3cz0b50t1p0qvzbh0000gn/T//RtmpruRab6/1 /var/folders/zj/qks7f18j3cz0b50t1p0qvzbh0000gn/T//RtmpruRab6/2 /var/folders/zj/qks7f18j3cz0b50t1p0qvzbh0000gn/T//RtmpruRab6/3 /var/folders/zj/qks7f18j3cz0b50t1p0qvzbh0000gn/T//RtmpruRab6/4 /var/folders/zj/qks7f18j3cz0b50t1p0qvzbh0000gn/T//RtmpruRab6/5 /var/folders/zj/qks7f18j3cz0b50t1p0qvzbh0000gn/T//RtmpruRab6/6 /var/folders/zj/qks7f18j3cz0b50t1p0qvzbh0000gn/T//RtmpruRab6/7 /var/folders/zj/qks7f18j3cz0b50t1p0qvzbh0000gn/T//RtmpruRab6/8 /var/folders/zj/qks7f18j3cz0b50t1p0qvzbh0000gn/T//RtmpruRab6/9 /var/folders/zj/qks7f18j3cz0b50t1p0qvzbh0000gn/T//RtmpruRab6/10 /var/folders/zj/qks7f18j3cz0b50t1p0qvzbh0000gn/T//RtmpruRab6/11 /var/folders/zj/qks7f18j3cz0b50t1p0qvzbh0000gn/T//RtmpruRab6/12 /var/folders/zj/qks7f18j3cz0b50t1p0qvzbh0000gn/T//RtmpruRab6/13 /var/folders/zj/qks7f18j3cz0b50t1p0qvzbh0000gn/T//RtmpruRab6/14 /var/folders/zj/qks7f18j3cz0b50t1p0qvzbh0000gn/T//RtmpruRab6/15 /var/folders/zj/qks7f18j3cz0b50t1p0qvzbh0000gn/T//RtmpruRab6/16 /var/folders/zj/qks7f18j3cz0b50t1p0qvzbh0000gn/T//RtmpruRab6/17 /var/folders/zj/qks7f18j3cz0b50t1p0qvzbh0000gn/T//RtmpruRab6/18 /var/folders/zj/qks7f18j3cz0b50t1p0qvzbh0000gn/T//RtmpruRab6/19 /var/folders/zj/qks7f18j3cz0b50t1p0qvzbh0000gn/T//RtmpruRab6/20 /var/folders/zj/qks7f18j3cz0b50t1p0qvzbh0000gn/T//RtmpruRab6/21 /var/folders/zj/qks7f18j3cz0b50t1p0qvzbh0000gn/T//RtmpruRab6/22 /var/folders/zj/qks7f18j3cz0b50t1p0qvzbh0000gn/T//RtmpruRab6/23 /var/folders/zj/qks7f18j3cz0b50t1p0qvzbh0000gn/T//RtmpruRab6/24 /var/folders/zj/qks7f18j3cz0b50t1p0qvzbh0000gn/T//RtmpruRab6/25 /var/folders/zj/qks7f18j3cz0b50t1p0qvzbh0000gn/T//RtmpruRab6/26 /var/folders/zj/qks7f18j3cz0b50t1p0qvzbh0000gn/T//RtmpruRab6/27 /var/folders/zj/qks7f18j3cz0b50t1p0qvzbh0000gn/T//RtmpruRab6/28 /var/folders/zj/qks7f18j3cz0b50t1p0qvzbh0000gn/T//RtmpruRab6/29 /var/folders/zj/qks7f18j3cz0b50t1p0qvzbh0000gn/T//RtmpruRab6/30 /var/folders/zj/qks7f18j3cz0b50t1p0qvzbh0000gn/T//RtmpruRab6/31 /var/folders/zj/qks7f18j3cz0b50t1p0qvzbh0000gn/T//RtmpruRab6/32 /var/folders/zj/qks7f18j3cz0b50t1p0qvzbh0000gn/T//RtmpruRab6/33 /var/folders/zj/qks7f18j3cz0b50t1p0qvzbh0000gn/T//RtmpruRab6/34 /var/folders/zj/qks7f18j3cz0b50t1p0qvzbh0000gn/T//RtmpruRab6/35 /var/folders/zj/qks7f18j3cz0b50t1p0qvzbh0000gn/T//RtmpruRab6/36 /var/folders/zj/qks7f18j3cz0b50t1p0qvzbh0000gn/T//RtmpruRab6/37 /var/folders/zj/qks7f18j3cz0b50t1p0qvzbh0000gn/T//RtmpruRab6/38 /var/folders/zj/qks7f18j3cz0b50t1p0qvzbh0000gn/T//RtmpruRab6/39 /var/folders/zj/qks7f18j3cz0b50t1p0qvzbh0000gn/T//RtmpruRab6/40 /var/folders/zj/qks7f18j3cz0b50t1p0qvzbh0000gn/T//RtmpruRab6/41 /var/folders/zj/qks7f18j3cz0b50t1p0qvzbh0000gn/T//RtmpruRab6/42 /var/folders/zj/qks7f18j3cz0b50t1p0qvzbh0000gn/T//RtmpruRab6/43 /var/folders/zj/qks7f18j3cz0b50t1p0qvzbh0000gn/T//RtmpruRab6/44 /var/folders/zj/qks7f18j3cz0b50t1p0qvzbh0000gn/T//RtmpruRab6/45 /var/folders/zj/qks7f18j3cz0b50t1p0qvzbh0000gn/T//RtmpruRab6/46 /var/folders/zj/qks7f18j3cz0b50t1p0qvzbh0000gn/T//RtmpruRab6/47 /var/folders/zj/qks7f18j3cz0b50t1p0qvzbh0000gn/T//RtmpruRab6/48 /var/folders/zj/qks7f18j3cz0b50t1p0qvzbh0000gn/T//RtmpruRab6/49 /var/folders/zj/qks7f18j3cz0b50t1p0qvzbh0000gn/T//RtmpruRab6/50 /var/folders/zj/qks7f18j3cz0b50t1p0qvzbh0000gn/T//RtmpruRab6/51 /var/folders/zj/qks7f18j3cz0b50t1p0qvzbh0000gn/T//RtmpruRab6/52 /var/folders/zj/qks7f18j3cz0b50t1p0qvzbh0000gn/T//RtmpruRab6/53 /var/folders/zj/qks7f18j3cz0b50t1p0qvzbh0000gn/T//RtmpruRab6/54 /var/folders/zj/qks7f18j3cz0b50t1p0qvzbh0000gn/T//RtmpruRab6/55 /var/folders/zj/qks7f18j3cz0b50t1p0qvzbh0000gn/T//RtmpruRab6/56 /var/folders/zj/qks7f18j3cz0b50t1p0qvzbh0000gn/T//RtmpruRab6/57 /var/folders/zj/qks7f18j3cz0b50t1p0qvzbh0000gn/T//RtmpruRab6/58 /var/folders/zj/qks7f18j3cz0b50t1p0qvzbh0000gn/T//RtmpruRab6/59 /var/folders/zj/qks7f18j3cz0b50t1p0qvzbh0000gn/T//RtmpruRab6/60 /var/folders/zj/qks7f18j3cz0b50t1p0qvzbh0000gn/T//RtmpruRab6/61 /var/folders/zj/qks7f18j3cz0b50t1p0qvzbh0000gn/T//RtmpruRab6/62 /var/folders/zj/qks7f18j3cz0b50t1p0qvzbh0000gn/T//RtmpruRab6/63 /var/folders/zj/qks7f18j3cz0b50t1p0qvzbh0000gn/T//RtmpruRab6/64 /var/folders/zj/qks7f18j3cz0b50t1p0qvzbh0000gn/T//RtmpruRab6/65 /var/folders/zj/qks7f18j3cz0b50t1p0qvzbh0000gn/T//RtmpruRab6/66 /var/folders/zj/qks7f18j3cz0b50t1p0qvzbh0000gn/T//RtmpruRab6/67 /var/folders/zj/qks7f18j3cz0b50t1p0qvzbh0000gn/T//RtmpruRab6/68 /var/folders/zj/qks7f18j3cz0b50t1p0qvzbh0000gn/T//RtmpruRab6/69 /var/folders/zj/qks7f18j3cz0b50t1p0qvzbh0000gn/T//RtmpruRab6/70 /var/folders/zj/qks7f18j3cz0b50t1p0qvzbh0000gn/T//RtmpruRab6/71 /var/folders/zj/qks7f18j3cz0b50t1p0qvzbh0000gn/T//RtmpruRab6/72 /var/folders/zj/qks7f18j3cz0b50t1p0qvzbh0000gn/T//RtmpruRab6/73 /var/folders/zj/qks7f18j3cz0b50t1p0qvzbh0000gn/T//RtmpruRab6/74 /var/folders/zj/qks7f18j3cz0b50t1p0qvzbh0000gn/T//RtmpruRab6/75 /var/folders/zj/qks7f18j3cz0b50t1p0qvzbh0000gn/T//RtmpruRab6/76 /var/folders/zj/qks7f18j3cz0b50t1p0qvzbh0000gn/T//RtmpruRab6/77 /var/folders/zj/qks7f18j3cz0b50t1p0qvzbh0000gn/T//RtmpruRab6/78 /var/folders/zj/qks7f18j3cz0b50t1p0qvzbh0000gn/T//RtmpruRab6/79 /var/folders/zj/qks7f18j3cz0b50t1p0qvzbh0000gn/T//RtmpruRab6/80 /var/folders/zj/qks7f18j3cz0b50t1p0qvzbh0000gn/T//RtmpruRab6/81 /var/folders/zj/qks7f18j3cz0b50t1p0qvzbh0000gn/T//RtmpruRab6/82 /var/folders/zj/qks7f18j3cz0b50t1p0qvzbh0000gn/T//RtmpruRab6/83 /var/folders/zj/qks7f18j3cz0b50t1p0qvzbh0000gn/T//RtmpruRab6/84 /var/folders/zj/qks7f18j3cz0b50t1p0qvzbh0000gn/T//RtmpruRab6/85 /var/folders/zj/qks7f18j3cz0b50t1p0qvzbh0000gn/T//RtmpruRab6/86 /var/folders/zj/qks7f18j3cz0b50t1p0qvzbh0000gn/T//RtmpruRab6/87 /var/folders/zj/qks7f18j3cz0b50t1p0qvzbh0000gn/T//RtmpruRab6/88 /var/folders/zj/qks7f18j3cz0b50t1p0qvzbh0000gn/T//RtmpruRab6/89 /var/folders/zj/qks7f18j3cz0b50t1p0qvzbh0000gn/T//RtmpruRab6/90 /var/folders/zj/qks7f18j3cz0b50t1p0qvzbh0000gn/T//RtmpruRab6/91 /var/folders/zj/qks7f18j3cz0b50t1p0qvzbh0000gn/T//RtmpruRab6/92 /var/folders/zj/qks7f18j3cz0b50t1p0qvzbh0000gn/T//RtmpruRab6/93 /var/folders/zj/qks7f18j3cz0b50t1p0qvzbh0000gn/T//RtmpruRab6/94 /var/folders/zj/qks7f18j3cz0b50t1p0qvzbh0000gn/T//RtmpruRab6/95 /var/folders/zj/qks7f18j3cz0b50t1p0qvzbh0000gn/T//RtmpruRab6/96 /var/folders/zj/qks7f18j3cz0b50t1p0qvzbh0000gn/T//RtmpruRab6/97 /var/folders/zj/qks7f18j3cz0b50t1p0qvzbh0000gn/T//RtmpruRab6/98 /var/folders/zj/qks7f18j3cz0b50t1p0qvzbh0000gn/T//RtmpruRab6/99 /var/folders/zj/qks7f18j3cz0b50t1p0qvzbh0000gn/T//RtmpruRab6/100 /var/folders/zj/qks7f18j3cz0b50t1p0qvzbh0000gn/T//RtmpruRab6/101 /var/folders/zj/qks7f18j3cz0b50t1p0qvzbh0000gn/T//RtmpruRab6/102 /var/folders/zj/qks7f18j3cz0b50t1p0qvzbh0000gn/T//RtmpruRab6/103 /var/folders/zj/qks7f18j3cz0b50t1p0qvzbh0000gn/T//RtmpruRab6/104 /var/folders/zj/qks7f18j3cz0b50t1p0qvzbh0000gn/T//RtmpruRab6/105 /var/folders/zj/qks7f18j3cz0b50t1p0qvzbh0000gn/T//RtmpruRab6/106 /var/folders/zj/qks7f18j3cz0b50t1p0qvzbh0000gn/T//RtmpruRab6/107 /var/folders/zj/qks7f18j3cz0b50t1p0qvzbh0000gn/T//RtmpruRab6/108 /var/folders/zj/qks7f18j3cz0b50t1p0qvzbh0000gn/T//RtmpruRab6/109 /var/folders/zj/qks7f18j3cz0b50t1p0qvzbh0000gn/T//RtmpruRab6/110 /var/folders/zj/qks7f18j3cz0b50t1p0qvzbh0000gn/T//RtmpruRab6/111 /var/folders/zj/qks7f18j3cz0b50t1p0qvzbh0000gn/T//RtmpruRab6/112 /var/folders/zj/qks7f18j3cz0b50t1p0qvzbh0000gn/T//RtmpruRab6/113 /var/folders/zj/qks7f18j3cz0b50t1p0qvzbh0000gn/T//RtmpruRab6/114 /var/folders/zj/qks7f18j3cz0b50t1p0qvzbh0000gn/T//RtmpruRab6/115 /var/folders/zj/qks7f18j3cz0b50t1p0qvzbh0000gn/T//RtmpruRab6/116 /var/folders/zj/qks7f18j3cz0b50t1p0qvzbh0000gn/T//RtmpruRab6/117 /var/folders/zj/qks7f18j3cz0b50t1p0qvzbh0000gn/T//RtmpruRab6/118 /var/folders/zj/qks7f18j3cz0b50t1p0qvzbh0000gn/T//RtmpruRab6/119 /var/folders/zj/qks7f18j3cz0b50t1p0qvzbh0000gn/T//RtmpruRab6/120 /var/folders/zj/qks7f18j3cz0b50t1p0qvzbh0000gn/T//RtmpruRab6/121 /var/folders/zj/qks7f18j3cz0b50t1p0qvzbh0000gn/T//RtmpruRab6/122 /var/folders/zj/qks7f18j3cz0b50t1p0qvzbh0000gn/T//RtmpruRab6/123 /var/folders/zj/qks7f18j3cz0b50t1p0qvzbh0000gn/T//RtmpruRab6/124 /var/folders/zj/qks7f18j3cz0b50t1p0qvzbh0000gn/T//RtmpruRab6/125 /var/folders/zj/qks7f18j3cz0b50t1p0qvzbh0000gn/T//RtmpruRab6/126 /var/folders/zj/qks7f18j3cz0b50t1p0qvzbh0000gn/T//RtmpruRab6/127 /var/folders/zj/qks7f18j3cz0b50t1p0qvzbh0000gn/T//RtmpruRab6/128 /var/folders/zj/qks7f18j3cz0b50t1p0qvzbh0000gn/T//RtmpruRab6/129 /var/folders/zj/qks7f18j3cz0b50t1p0qvzbh0000gn/T//RtmpruRab6/130 /var/folders/zj/qks7f18j3cz0b50t1p0qvzbh0000gn/T//RtmpruRab6/131 /var/folders/zj/qks7f18j3cz0b50t1p0qvzbh0000gn/T//RtmpruRab6/132 /var/folders/zj/qks7f18j3cz0b50t1p0qvzbh0000gn/T//RtmpruRab6/133 /var/folders/zj/qks7f18j3cz0b50t1p0qvzbh0000gn/T//RtmpruRab6/134 /var/folders/zj/qks7f18j3cz0b50t1p0qvzbh0000gn/T//RtmpruRab6/135 /var/folders/zj/qks7f18j3cz0b50t1p0qvzbh0000gn/T//RtmpruRab6/136 /var/folders/zj/qks7f18j3cz0b50t1p0qvzbh0000gn/T//RtmpruRab6/137 /var/folders/zj/qks7f18j3cz0b50t1p0qvzbh0000gn/T//RtmpruRab6/138 /var/folders/zj/qks7f18j3cz0b50t1p0qvzbh0000gn/T//RtmpruRab6/139 /var/folders/zj/qks7f18j3cz0b50t1p0qvzbh0000gn/T//RtmpruRab6/140 /var/folders/zj/qks7f18j3cz0b50t1p0qvzbh0000gn/T//RtmpruRab6/141 /var/folders/zj/qks7f18j3cz0b50t1p0qvzbh0000gn/T//RtmpruRab6/142 /var/folders/zj/qks7f18j3cz0b50t1p0qvzbh0000gn/T//RtmpruRab6/143 /var/folders/zj/qks7f18j3cz0b50t1p0qvzbh0000gn/T//RtmpruRab6/144 /var/folders/zj/qks7f18j3cz0b50t1p0qvzbh0000gn/T//RtmpruRab6/145 /var/folders/zj/qks7f18j3cz0b50t1p0qvzbh0000gn/T//RtmpruRab6/146 /var/folders/zj/qks7f18j3cz0b50t1p0qvzbh0000gn/T//RtmpruRab6/147 /var/folders/zj/qks7f18j3cz0b50t1p0qvzbh0000gn/T//RtmpruRab6/148 /var/folders/zj/qks7f18j3cz0b50t1p0qvzbh0000gn/T//RtmpruRab6/149 /var/folders/zj/qks7f18j3cz0b50t1p0qvzbh0000gn/T//RtmpruRab6/150 /var/folders/zj/qks7f18j3cz0b50t1p0qvzbh0000gn/T//RtmpruRab6/151 /var/folders/zj/qks7f18j3cz0b50t1p0qvzbh0000gn/T//RtmpruRab6/152 /var/folders/zj/qks7f18j3cz0b50t1p0qvzbh0000gn/T//RtmpruRab6/153 /var/folders/zj/qks7f18j3cz0b50t1p0qvzbh0000gn/T//RtmpruRab6/154 /var/folders/zj/qks7f18j3cz0b50t1p0qvzbh0000gn/T//RtmpruRab6/155 /var/folders/zj/qks7f18j3cz0b50t1p0qvzbh0000gn/T//RtmpruRab6/156 /var/folders/zj/qks7f18j3cz0b50t1p0qvzbh0000gn/T//RtmpruRab6/157 /var/folders/zj/qks7f18j3cz0b50t1p0qvzbh0000gn/T//RtmpruRab6/158 /var/folders/zj/qks7f18j3cz0b50t1p0qvzbh0000gn/T//RtmpruRab6/159 /var/folders/zj/qks7f18j3cz0b50t1p0qvzbh0000gn/T//RtmpruRab6/160 /var/folders/zj/qks7f18j3cz0b50t1p0qvzbh0000gn/T//RtmpruRab6/161 /var/folders/zj/qks7f18j3cz0b50t1p0qvzbh0000gn/T//RtmpruRab6/162 /var/folders/zj/qks7f18j3cz0b50t1p0qvzbh0000gn/T//RtmpruRab6/163 /var/folders/zj/qks7f18j3cz0b50t1p0qvzbh0000gn/T//RtmpruRab6/164 /var/folders/zj/qks7f18j3cz0b50t1p0qvzbh0000gn/T//RtmpruRab6/165 /var/folders/zj/qks7f18j3cz0b50t1p0qvzbh0000gn/T//RtmpruRab6/166 /var/folders/zj/qks7f18j3cz0b50t1p0qvzbh0000gn/T//RtmpruRab6/167 /var/folders/zj/qks7f18j3cz0b50t1p0qvzbh0000gn/T//RtmpruRab6/168 /var/folders/zj/qks7f18j3cz0b50t1p0qvzbh0000gn/T//RtmpruRab6/169 /var/folders/zj/qks7f18j3cz0b50t1p0qvzbh0000gn/T//RtmpruRab6/170 /var/folders/zj/qks7f18j3cz0b50t1p0qvzbh0000gn/T//RtmpruRab6/171 /var/folders/zj/qks7f18j3cz0b50t1p0qvzbh0000gn/T//RtmpruRab6/172 /var/folders/zj/qks7f18j3cz0b50t1p0qvzbh0000gn/T//RtmpruRab6/173 /var/folders/zj/qks7f18j3cz0b50t1p0qvzbh0000gn/T//RtmpruRab6/174 /var/folders/zj/qks7f18j3cz0b50t1p0qvzbh0000gn/T//RtmpruRab6/175 /var/folders/zj/qks7f18j3cz0b50t1p0qvzbh0000gn/T//RtmpruRab6/176 /var/folders/zj/qks7f18j3cz0b50t1p0qvzbh0000gn/T//RtmpruRab6/177 /var/folders/zj/qks7f18j3cz0b50t1p0qvzbh0000gn/T//RtmpruRab6/178 /var/folders/zj/qks7f18j3cz0b50t1p0qvzbh0000gn/T//RtmpruRab6/179 /var/folders/zj/qks7f18j3cz0b50t1p0qvzbh0000gn/T//RtmpruRab6/180 /var/folders/zj/qks7f18j3cz0b50t1p0qvzbh0000gn/T//RtmpruRab6/181 /var/folders/zj/qks7f18j3cz0b50t1p0qvzbh0000gn/T//RtmpruRab6/182 /var/folders/zj/qks7f18j3cz0b50t1p0qvzbh0000gn/T//RtmpruRab6/183 /var/folders/zj/qks7f18j3cz0b50t1p0qvzbh0000gn/T//RtmpruRab6/184 /var/folders/zj/qks7f18j3cz0b50t1p0qvzbh0000gn/T//RtmpruRab6/185 /var/folders/zj/qks7f18j3cz0b50t1p0qvzbh0000gn/T//RtmpruRab6/186 /var/folders/zj/qks7f18j3cz0b50t1p0qvzbh0000gn/T//RtmpruRab6/187 /var/folders/zj/qks7f18j3cz0b50t1p0qvzbh0000gn/T//RtmpruRab6/188 /var/folders/zj/qks7f18j3cz0b50t1p0qvzbh0000gn/T//RtmpruRab6/189 /var/folders/zj/qks7f18j3cz0b50t1p0qvzbh0000gn/T//RtmpruRab6/190 /var/folders/zj/qks7f18j3cz0b50t1p0qvzbh0000gn/T//RtmpruRab6/191 /var/folders/zj/qks7f18j3cz0b50t1p0qvzbh0000gn/T//RtmpruRab6/192 /var/folders/zj/qks7f18j3cz0b50t1p0qvzbh0000gn/T//RtmpruRab6/193 /var/folders/zj/qks7f18j3cz0b50t1p0qvzbh0000gn/T//RtmpruRab6/194 /var/folders/zj/qks7f18j3cz0b50t1p0qvzbh0000gn/T//RtmpruRab6/195 /var/folders/zj/qks7f18j3cz0b50t1p0qvzbh0000gn/T//RtmpruRab6/196 /var/folders/zj/qks7f18j3cz0b50t1p0qvzbh0000gn/T//RtmpruRab6/197 /var/folders/zj/qks7f18j3cz0b50t1p0qvzbh0000gn/T//RtmpruRab6/198 /var/folders/zj/qks7f18j3cz0b50t1p0qvzbh0000gn/T//RtmpruRab6/199 /var/folders/zj/qks7f18j3cz0b50t1p0qvzbh0000gn/T//RtmpruRab6/200 /var/folders/zj/qks7f18j3cz0b50t1p0qvzbh0000gn/T//RtmpruRab6/201 /var/folders/zj/qks7f18j3cz0b50t1p0qvzbh0000gn/T//RtmpruRab6/202 /var/folders/zj/qks7f18j3cz0b50t1p0qvzbh0000gn/T//RtmpruRab6/203 /var/folders/zj/qks7f18j3cz0b50t1p0qvzbh0000gn/T//RtmpruRab6/204 /var/folders/zj/qks7f18j3cz0b50t1p0qvzbh0000gn/T//RtmpruRab6/205 /var/folders/zj/qks7f18j3cz0b50t1p0qvzbh0000gn/T//RtmpruRab6/206 /var/folders/zj/qks7f18j3cz0b50t1p0qvzbh0000gn/T//RtmpruRab6/207 /var/folders/zj/qks7f18j3cz0b50t1p0qvzbh0000gn/T//RtmpruRab6/208 /var/folders/zj/qks7f18j3cz0b50t1p0qvzbh0000gn/T//RtmpruRab6/209 /var/folders/zj/qks7f18j3cz0b50t1p0qvzbh0000gn/T//RtmpruRab6/210 /var/folders/zj/qks7f18j3cz0b50t1p0qvzbh0000gn/T//RtmpruRab6/211 /var/folders/zj/qks7f18j3cz0b50t1p0qvzbh0000gn/T//RtmpruRab6/212 /var/folders/zj/qks7f18j3cz0b50t1p0qvzbh0000gn/T//RtmpruRab6/213 /var/folders/zj/qks7f18j3cz0b50t1p0qvzbh0000gn/T//RtmpruRab6/214 /var/folders/zj/qks7f18j3cz0b50t1p0qvzbh0000gn/T//RtmpruRab6/215 /var/folders/zj/qks7f18j3cz0b50t1p0qvzbh0000gn/T//RtmpruRab6/216 /var/folders/zj/qks7f18j3cz0b50t1p0qvzbh0000gn/T//RtmpruRab6/217 /var/folders/zj/qks7f18j3cz0b50t1p0qvzbh0000gn/T//RtmpruRab6/218 /var/folders/zj/qks7f18j3cz0b50t1p0qvzbh0000gn/T//RtmpruRab6/219 /var/folders/zj/qks7f18j3cz0b50t1p0qvzbh0000gn/T//RtmpruRab6/220 /var/folders/zj/qks7f18j3cz0b50t1p0qvzbh0000gn/T//RtmpruRab6/221 /var/folders/zj/qks7f18j3cz0b50t1p0qvzbh0000gn/T//RtmpruRab6/222 /var/folders/zj/qks7f18j3cz0b50t1p0qvzbh0000gn/T//RtmpruRab6/223 /var/folders/zj/qks7f18j3cz0b50t1p0qvzbh0000gn/T//RtmpruRab6/224 /var/folders/zj/qks7f18j3cz0b50t1p0qvzbh0000gn/T//RtmpruRab6/225 /var/folders/zj/qks7f18j3cz0b50t1p0qvzbh0000gn/T//RtmpruRab6/226 /var/folders/zj/qks7f18j3cz0b50t1p0qvzbh0000gn/T//RtmpruRab6/227 /var/folders/zj/qks7f18j3cz0b50t1p0qvzbh0000gn/T//RtmpruRab6/228 /var/folders/zj/qks7f18j3cz0b50t1p0qvzbh0000gn/T//RtmpruRab6/229 /var/folders/zj/qks7f18j3cz0b50t1p0qvzbh0000gn/T//RtmpruRab6/230 /var/folders/zj/qks7f18j3cz0b50t1p0qvzbh0000gn/T//RtmpruRab6/231 /var/folders/zj/qks7f18j3cz0b50t1p0qvzbh0000gn/T//RtmpruRab6/232 /var/folders/zj/qks7f18j3cz0b50t1p0qvzbh0000gn/T//RtmpruRab6/233 /var/folders/zj/qks7f18j3cz0b50t1p0qvzbh0000gn/T//RtmpruRab6/234 /var/folders/zj/qks7f18j3cz0b50t1p0qvzbh0000gn/T//RtmpruRab6/235 /var/folders/zj/qks7f18j3cz0b50t1p0qvzbh0000gn/T//RtmpruRab6/236 /var/folders/zj/qks7f18j3cz0b50t1p0qvzbh0000gn/T//RtmpruRab6/237 /var/folders/zj/qks7f18j3cz0b50t1p0qvzbh0000gn/T//RtmpruRab6/238 /var/folders/zj/qks7f18j3cz0b50t1p0qvzbh0000gn/T//RtmpruRab6/239 /var/folders/zj/qks7f18j3cz0b50t1p0qvzbh0000gn/T//RtmpruRab6/240 /var/folders/zj/qks7f18j3cz0b50t1p0qvzbh0000gn/T//RtmpruRab6/241 /var/folders/zj/qks7f18j3cz0b50t1p0qvzbh0000gn/T//RtmpruRab6/242 /var/folders/zj/qks7f18j3cz0b50t1p0qvzbh0000gn/T//RtmpruRab6/243 /var/folders/zj/qks7f18j3cz0b50t1p0qvzbh0000gn/T//RtmpruRab6/244 /var/folders/zj/qks7f18j3cz0b50t1p0qvzbh0000gn/T//RtmpruRab6/245 /var/folders/zj/qks7f18j3cz0b50t1p0qvzbh0000gn/T//RtmpruRab6/246 /var/folders/zj/qks7f18j3cz0b50t1p0qvzbh0000gn/T//RtmpruRab6/247 /var/folders/zj/qks7f18j3cz0b50t1p0qvzbh0000gn/T//RtmpruRab6/248 /var/folders/zj/qks7f18j3cz0b50t1p0qvzbh0000gn/T//RtmpruRab6/249 /var/folders/zj/qks7f18j3cz0b50t1p0qvzbh0000gn/T//RtmpruRab6/250 /var/folders/zj/qks7f18j3cz0b50t1p0qvzbh0000gn/T//RtmpruRab6/251 /var/folders/zj/qks7f18j3cz0b50t1p0qvzbh0000gn/T//RtmpruRab6/252 /var/folders/zj/qks7f18j3cz0b50t1p0qvzbh0000gn/T//RtmpruRab6/253 /var/folders/zj/qks7f18j3cz0b50t1p0qvzbh0000gn/T//RtmpruRab6/254 /var/folders/zj/qks7f18j3cz0b50t1p0qvzbh0000gn/T//RtmpruRab6/255 /var/folders/zj/qks7f18j3cz0b50t1p0qvzbh0000gn/T//RtmpruRab6/256 /var/folders/zj/qks7f18j3cz0b50t1p0qvzbh0000gn/T//RtmpruRab6/257 /var/folders/zj/qks7f18j3cz0b50t1p0qvzbh0000gn/T//RtmpruRab6/258 /var/folders/zj/qks7f18j3cz0b50t1p0qvzbh0000gn/T//RtmpruRab6/259 /var/folders/zj/qks7f18j3cz0b50t1p0qvzbh0000gn/T//RtmpruRab6/260 /var/folders/zj/qks7f18j3cz0b50t1p0qvzbh0000gn/T//RtmpruRab6/261 /var/folders/zj/qks7f18j3cz0b50t1p0qvzbh0000gn/T//RtmpruRab6/262 /var/folders/zj/qks7f18j3cz0b50t1p0qvzbh0000gn/T//RtmpruRab6/263 /var/folders/zj/qks7f18j3cz0b50t1p0qvzbh0000gn/T//RtmpruRab6/264 /var/folders/zj/qks7f18j3cz0b50t1p0qvzbh0000gn/T//RtmpruRab6/265 /var/folders/zj/qks7f18j3cz0b50t1p0qvzbh0000gn/T//RtmpruRab6/266 /var/folders/zj/qks7f18j3cz0b50t1p0qvzbh0000gn/T//RtmpruRab6/267 /var/folders/zj/qks7f18j3cz0b50t1p0qvzbh0000gn/T//RtmpruRab6/268 /var/folders/zj/qks7f18j3cz0b50t1p0qvzbh0000gn/T//RtmpruRab6/269 /var/folders/zj/qks7f18j3cz0b50t1p0qvzbh0000gn/T//RtmpruRab6/270 /var/folders/zj/qks7f18j3cz0b50t1p0qvzbh0000gn/T//RtmpruRab6/271 /var/folders/zj/qks7f18j3cz0b50t1p0qvzbh0000gn/T//RtmpruRab6/272 /var/folders/zj/qks7f18j3cz0b50t1p0qvzbh0000gn/T//RtmpruRab6/273 /var/folders/zj/qks7f18j3cz0b50t1p0qvzbh0000gn/T//RtmpruRab6/274 /var/folders/zj/qks7f18j3cz0b50t1p0qvzbh0000gn/T//RtmpruRab6/275 /var/folders/zj/qks7f18j3cz0b50t1p0qvzbh0000gn/T//RtmpruRab6/276 /var/folders/zj/qks7f18j3cz0b50t1p0qvzbh0000gn/T//RtmpruRab6/277 /var/folders/zj/qks7f18j3cz0b50t1p0qvzbh0000gn/T//RtmpruRab6/278 /var/folders/zj/qks7f18j3cz0b50t1p0qvzbh0000gn/T//RtmpruRab6/279 /var/folders/zj/qks7f18j3cz0b50t1p0qvzbh0000gn/T//RtmpruRab6/280 /var/folders/zj/qks7f18j3cz0b50t1p0qvzbh0000gn/T//RtmpruRab6/281 /var/folders/zj/qks7f18j3cz0b50t1p0qvzbh0000gn/T//RtmpruRab6/282 /var/folders/zj/qks7f18j3cz0b50t1p0qvzbh0000gn/T//RtmpruRab6/283 /var/folders/zj/qks7f18j3cz0b50t1p0qvzbh0000gn/T//RtmpruRab6/284 /var/folders/zj/qks7f18j3cz0b50t1p0qvzbh0000gn/T//RtmpruRab6/285 /var/folders/zj/qks7f18j3cz0b50t1p0qvzbh0000gn/T//RtmpruRab6/286 /var/folders/zj/qks7f18j3cz0b50t1p0qvzbh0000gn/T//RtmpruRab6/287 /var/folders/zj/qks7f18j3cz0b50t1p0qvzbh0000gn/T//RtmpruRab6/288 /var/folders/zj/qks7f18j3cz0b50t1p0qvzbh0000gn/T//RtmpruRab6/289 /var/folders/zj/qks7f18j3cz0b50t1p0qvzbh0000gn/T//RtmpruRab6/290 /var/folders/zj/qks7f18j3cz0b50t1p0qvzbh0000gn/T//RtmpruRab6/291 /var/folders/zj/qks7f18j3cz0b50t1p0qvzbh0000gn/T//RtmpruRab6/292 /var/folders/zj/qks7f18j3cz0b50t1p0qvzbh0000gn/T//RtmpruRab6/293 /var/folders/zj/qks7f18j3cz0b50t1p0qvzbh0000gn/T//RtmpruRab6/294 /var/folders/zj/qks7f18j3cz0b50t1p0qvzbh0000gn/T//RtmpruRab6/295 /var/folders/zj/qks7f18j3cz0b50t1p0qvzbh0000gn/T//RtmpruRab6/296 /var/folders/zj/qks7f18j3cz0b50t1p0qvzbh0000gn/T//RtmpruRab6/297 /var/folders/zj/qks7f18j3cz0b50t1p0qvzbh0000gn/T//RtmpruRab6/298 /var/folders/zj/qks7f18j3cz0b50t1p0qvzbh0000gn/T//RtmpruRab6/299 /var/folders/zj/qks7f18j3cz0b50t1p0qvzbh0000gn/T//RtmpruRab6/300 /var/folders/zj/qks7f18j3cz0b50t1p0qvzbh0000gn/T//RtmpruRab6/301 /var/folders/zj/qks7f18j3cz0b50t1p0qvzbh0000gn/T//RtmpruRab6/302 /var/folders/zj/qks7f18j3cz0b50t1p0qvzbh0000gn/T//RtmpruRab6/303 /var/folders/zj/qks7f18j3cz0b50t1p0qvzbh0000gn/T//RtmpruRab6/304 /var/folders/zj/qks7f18j3cz0b50t1p0qvzbh0000gn/T//RtmpruRab6/305 /var/folders/zj/qks7f18j3cz0b50t1p0qvzbh0000gn/T//RtmpruRab6/306 /var/folders/zj/qks7f18j3cz0b50t1p0qvzbh0000gn/T//RtmpruRab6/307 /var/folders/zj/qks7f18j3cz0b50t1p0qvzbh0000gn/T//RtmpruRab6/308 /var/folders/zj/qks7f18j3cz0b50t1p0qvzbh0000gn/T//RtmpruRab6/309 /var/folders/zj/qks7f18j3cz0b50t1p0qvzbh0000gn/T//RtmpruRab6/310 /var/folders/zj/qks7f18j3cz0b50t1p0qvzbh0000gn/T//RtmpruRab6/311 /var/folders/zj/qks7f18j3cz0b50t1p0qvzbh0000gn/T//RtmpruRab6/312 /var/folders/zj/qks7f18j3cz0b50t1p0qvzbh0000gn/T//RtmpruRab6/313 /var/folders/zj/qks7f18j3cz0b50t1p0qvzbh0000gn/T//RtmpruRab6/314 /var/folders/zj/qks7f18j3cz0b50t1p0qvzbh0000gn/T//RtmpruRab6/315 /var/folders/zj/qks7f18j3cz0b50t1p0qvzbh0000gn/T//RtmpruRab6/316 /var/folders/zj/qks7f18j3cz0b50t1p0qvzbh0000gn/T//RtmpruRab6/317 /var/folders/zj/qks7f18j3cz0b50t1p0qvzbh0000gn/T//RtmpruRab6/318 /var/folders/zj/qks7f18j3cz0b50t1p0qvzbh0000gn/T//RtmpruRab6/319 /var/folders/zj/qks7f18j3cz0b50t1p0qvzbh0000gn/T//RtmpruRab6/320 /var/folders/zj/qks7f18j3cz0b50t1p0qvzbh0000gn/T//RtmpruRab6/321 /var/folders/zj/qks7f18j3cz0b50t1p0qvzbh0000gn/T//RtmpruRab6/322 /var/folders/zj/qks7f18j3cz0b50t1p0qvzbh0000gn/T//RtmpruRab6/323 /var/folders/zj/qks7f18j3cz0b50t1p0qvzbh0000gn/T//RtmpruRab6/324 /var/folders/zj/qks7f18j3cz0b50t1p0qvzbh0000gn/T//RtmpruRab6/325 /var/folders/zj/qks7f18j3cz0b50t1p0qvzbh0000gn/T//RtmpruRab6/326 /var/folders/zj/qks7f18j3cz0b50t1p0qvzbh0000gn/T//RtmpruRab6/327 /var/folders/zj/qks7f18j3cz0b50t1p0qvzbh0000gn/T//RtmpruRab6/328 /var/folders/zj/qks7f18j3cz0b50t1p0qvzbh0000gn/T//RtmpruRab6/329 /var/folders/zj/qks7f18j3cz0b50t1p0qvzbh0000gn/T//RtmpruRab6/330 /var/folders/zj/qks7f18j3cz0b50t1p0qvzbh0000gn/T//RtmpruRab6/331 /var/folders/zj/qks7f18j3cz0b50t1p0qvzbh0000gn/T//RtmpruRab6/332 /var/folders/zj/qks7f18j3cz0b50t1p0qvzbh0000gn/T//RtmpruRab6/333 /var/folders/zj/qks7f18j3cz0b50t1p0qvzbh0000gn/T//RtmpruRab6/334 /var/folders/zj/qks7f18j3cz0b50t1p0qvzbh0000gn/T//RtmpruRab6/335 /var/folders/zj/qks7f18j3cz0b50t1p0qvzbh0000gn/T//RtmpruRab6/336 /var/folders/zj/qks7f18j3cz0b50t1p0qvzbh0000gn/T//RtmpruRab6/337 /var/folders/zj/qks7f18j3cz0b50t1p0qvzbh0000gn/T//RtmpruRab6/338 /var/folders/zj/qks7f18j3cz0b50t1p0qvzbh0000gn/T//RtmpruRab6/339 /var/folders/zj/qks7f18j3cz0b50t1p0qvzbh0000gn/T//RtmpruRab6/340 /var/folders/zj/qks7f18j3cz0b50t1p0qvzbh0000gn/T//RtmpruRab6/341 /var/folders/zj/qks7f18j3cz0b50t1p0qvzbh0000gn/T//RtmpruRab6/342 /var/folders/zj/qks7f18j3cz0b50t1p0qvzbh0000gn/T//RtmpruRab6/343 /var/folders/zj/qks7f18j3cz0b50t1p0qvzbh0000gn/T//RtmpruRab6/344 /var/folders/zj/qks7f18j3cz0b50t1p0qvzbh0000gn/T//RtmpruRab6/345 /var/folders/zj/qks7f18j3cz0b50t1p0qvzbh0000gn/T//RtmpruRab6/346 /var/folders/zj/qks7f18j3cz0b50t1p0qvzbh0000gn/T//RtmpruRab6/347 /var/folders/zj/qks7f18j3cz0b50t1p0qvzbh0000gn/T//RtmpruRab6/348 /var/folders/zj/qks7f18j3cz0b50t1p0qvzbh0000gn/T//RtmpruRab6/349 /var/folders/zj/qks7f18j3cz0b50t1p0qvzbh0000gn/T//RtmpruRab6/350 /var/folders/zj/qks7f18j3cz0b50t1p0qvzbh0000gn/T//RtmpruRab6/351 /var/folders/zj/qks7f18j3cz0b50t1p0qvzbh0000gn/T//RtmpruRab6/352 /var/folders/zj/qks7f18j3cz0b50t1p0qvzbh0000gn/T//RtmpruRab6/353 /var/folders/zj/qks7f18j3cz0b50t1p0qvzbh0000gn/T//RtmpruRab6/354 /var/folders/zj/qks7f18j3cz0b50t1p0qvzbh0000gn/T//RtmpruRab6/355 /var/folders/zj/qks7f18j3cz0b50t1p0qvzbh0000gn/T//RtmpruRab6/356 /var/folders/zj/qks7f18j3cz0b50t1p0qvzbh0000gn/T//RtmpruRab6/357 /var/folders/zj/qks7f18j3cz0b50t1p0qvzbh0000gn/T//RtmpruRab6/358 /var/folders/zj/qks7f18j3cz0b50t1p0qvzbh0000gn/T//RtmpruRab6/359 /var/folders/zj/qks7f18j3cz0b50t1p0qvzbh0000gn/T//RtmpruRab6/360 /var/folders/zj/qks7f18j3cz0b50t1p0qvzbh0000gn/T//RtmpruRab6/361 /var/folders/zj/qks7f18j3cz0b50t1p0qvzbh0000gn/T//RtmpruRab6/362 /var/folders/zj/qks7f18j3cz0b50t1p0qvzbh0000gn/T//RtmpruRab6/363 /var/folders/zj/qks7f18j3cz0b50t1p0qvzbh0000gn/T//RtmpruRab6/364 /var/folders/zj/qks7f18j3cz0b50t1p0qvzbh0000gn/T//RtmpruRab6/365 /var/folders/zj/qks7f18j3cz0b50t1p0qvzbh0000gn/T//RtmpruRab6/366 /var/folders/zj/qks7f18j3cz0b50t1p0qvzbh0000gn/T//RtmpruRab6/367 /var/folders/zj/qks7f18j3cz0b50t1p0qvzbh0000gn/T//RtmpruRab6/368 /var/folders/zj/qks7f18j3cz0b50t1p0qvzbh0000gn/T//RtmpruRab6/369 /var/folders/zj/qks7f18j3cz0b50t1p0qvzbh0000gn/T//RtmpruRab6/370 /var/folders/zj/qks7f18j3cz0b50t1p0qvzbh0000gn/T//RtmpruRab6/371 /var/folders/zj/qks7f18j3cz0b50t1p0qvzbh0000gn/T//RtmpruRab6/372 /var/folders/zj/qks7f18j3cz0b50t1p0qvzbh0000gn/T//RtmpruRab6/373 /var/folders/zj/qks7f18j3cz0b50t1p0qvzbh0000gn/T//RtmpruRab6/374 /var/folders/zj/qks7f18j3cz0b50t1p0qvzbh0000gn/T//RtmpruRab6/375 /var/folders/zj/qks7f18j3cz0b50t1p0qvzbh0000gn/T//RtmpruRab6/376 /var/folders/zj/qks7f18j3cz0b50t1p0qvzbh0000gn/T//RtmpruRab6/377 /var/folders/zj/qks7f18j3cz0b50t1p0qvzbh0000gn/T//RtmpruRab6/378 /var/folders/zj/qks7f18j3cz0b50t1p0qvzbh0000gn/T//RtmpruRab6/379 /var/folders/zj/qks7f18j3cz0b50t1p0qvzbh0000gn/T//RtmpruRab6/380 /var/folders/zj/qks7f18j3cz0b50t1p0qvzbh0000gn/T//RtmpruRab6/381 /var/folders/zj/qks7f18j3cz0b50t1p0qvzbh0000gn/T//RtmpruRab6/382 /var/folders/zj/qks7f18j3cz0b50t1p0qvzbh0000gn/T//RtmpruRab6/383 /var/folders/zj/qks7f18j3cz0b50t1p0qvzbh0000gn/T//RtmpruRab6/384 /var/folders/zj/qks7f18j3cz0b50t1p0qvzbh0000gn/T//RtmpruRab6/385 /var/folders/zj/qks7f18j3cz0b50t1p0qvzbh0000gn/T//RtmpruRab6/386 /var/folders/zj/qks7f18j3cz0b50t1p0qvzbh0000gn/T//RtmpruRab6/387 /var/folders/zj/qks7f18j3cz0b50t1p0qvzbh0000gn/T//RtmpruRab6/388 /var/folders/zj/qks7f18j3cz0b50t1p0qvzbh0000gn/T//RtmpruRab6/389 /var/folders/zj/qks7f18j3cz0b50t1p0qvzbh0000gn/T//RtmpruRab6/390 /var/folders/zj/qks7f18j3cz0b50t1p0qvzbh0000gn/T//RtmpruRab6/391 /var/folders/zj/qks7f18j3cz0b50t1p0qvzbh0000gn/T//RtmpruRab6/392 /var/folders/zj/qks7f18j3cz0b50t1p0qvzbh0000gn/T//RtmpruRab6/393 /var/folders/zj/qks7f18j3cz0b50t1p0qvzbh0000gn/T//RtmpruRab6/394 /var/folders/zj/qks7f18j3cz0b50t1p0qvzbh0000gn/T//RtmpruRab6/395 /var/folders/zj/qks7f18j3cz0b50t1p0qvzbh0000gn/T//RtmpruRab6/396 /var/folders/zj/qks7f18j3cz0b50t1p0qvzbh0000gn/T//RtmpruRab6/397 /var/folders/zj/qks7f18j3cz0b50t1p0qvzbh0000gn/T//RtmpruRab6/398 /var/folders/zj/qks7f18j3cz0b50t1p0qvzbh0000gn/T//RtmpruRab6/399 /var/folders/zj/qks7f18j3cz0b50t1p0qvzbh0000gn/T//RtmpruRab6/400 /var/folders/zj/qks7f18j3cz0b50t1p0qvzbh0000gn/T//RtmpruRab6/401 /var/folders/zj/qks7f18j3cz0b50t1p0qvzbh0000gn/T//RtmpruRab6/402 /var/folders/zj/qks7f18j3cz0b50t1p0qvzbh0000gn/T//RtmpruRab6/403 /var/folders/zj/qks7f18j3cz0b50t1p0qvzbh0000gn/T//RtmpruRab6/404 /var/folders/zj/qks7f18j3cz0b50t1p0qvzbh0000gn/T//RtmpruRab6/405 /var/folders/zj/qks7f18j3cz0b50t1p0qvzbh0000gn/T//RtmpruRab6/406 /var/folders/zj/qks7f18j3cz0b50t1p0qvzbh0000gn/T//RtmpruRab6/407 /var/folders/zj/qks7f18j3cz0b50t1p0qvzbh0000gn/T//RtmpruRab6/408 /var/folders/zj/qks7f18j3cz0b50t1p0qvzbh0000gn/T//RtmpruRab6/409 /var/folders/zj/qks7f18j3cz0b50t1p0qvzbh0000gn/T//RtmpruRab6/410 /var/folders/zj/qks7f18j3cz0b50t1p0qvzbh0000gn/T//RtmpruRab6/411 /var/folders/zj/qks7f18j3cz0b50t1p0qvzbh0000gn/T//RtmpruRab6/412 /var/folders/zj/qks7f18j3cz0b50t1p0qvzbh0000gn/T//RtmpruRab6/413 /var/folders/zj/qks7f18j3cz0b50t1p0qvzbh0000gn/T//RtmpruRab6/414 /var/folders/zj/qks7f18j3cz0b50t1p0qvzbh0000gn/T//RtmpruRab6/415 /var/folders/zj/qks7f18j3cz0b50t1p0qvzbh0000gn/T//RtmpruRab6/416 /var/folders/zj/qks7f18j3cz0b50t1p0qvzbh0000gn/T//RtmpruRab6/417 /var/folders/zj/qks7f18j3cz0b50t1p0qvzbh0000gn/T//RtmpruRab6/418 /var/folders/zj/qks7f18j3cz0b50t1p0qvzbh0000gn/T//RtmpruRab6/419 /var/folders/zj/qks7f18j3cz0b50t1p0qvzbh0000gn/T//RtmpruRab6/420 /var/folders/zj/qks7f18j3cz0b50t1p0qvzbh0000gn/T//RtmpruRab6/421 /var/folders/zj/qks7f18j3cz0b50t1p0qvzbh0000gn/T//RtmpruRab6/422 /var/folders/zj/qks7f18j3cz0b50t1p0qvzbh0000gn/T//RtmpruRab6/423 /var/folders/zj/qks7f18j3cz0b50t1p0qvzbh0000gn/T//RtmpruRab6/424 /var/folders/zj/qks7f18j3cz0b50t1p0qvzbh0000gn/T//RtmpruRab6/425 /var/folders/zj/qks7f18j3cz0b50t1p0qvzbh0000gn/T//RtmpruRab6/426 /var/folders/zj/qks7f18j3cz0b50t1p0qvzbh0000gn/T//RtmpruRab6/427 /var/folders/zj/qks7f18j3cz0b50t1p0qvzbh0000gn/T//RtmpruRab6/428 /var/folders/zj/qks7f18j3cz0b50t1p0qvzbh0000gn/T//RtmpruRab6/429 /var/folders/zj/qks7f18j3cz0b50t1p0qvzbh0000gn/T//RtmpruRab6/430 /var/folders/zj/qks7f18j3cz0b50t1p0qvzbh0000gn/T//RtmpruRab6/431 /var/folders/zj/qks7f18j3cz0b50t1p0qvzbh0000gn/T//RtmpruRab6/432 /var/folders/zj/qks7f18j3cz0b50t1p0qvzbh0000gn/T//RtmpruRab6/433 /var/folders/zj/qks7f18j3cz0b50t1p0qvzbh0000gn/T//RtmpruRab6/434 /var/folders/zj/qks7f18j3cz0b50t1p0qvzbh0000gn/T//RtmpruRab6/435 /var/folders/zj/qks7f18j3cz0b50t1p0qvzbh0000gn/T//RtmpruRab6/436 /var/folders/zj/qks7f18j3cz0b50t1p0qvzbh0000gn/T//RtmpruRab6/437 /var/folders/zj/qks7f18j3cz0b50t1p0qvzbh0000gn/T//RtmpruRab6/438 /var/folders/zj/qks7f18j3cz0b50t1p0qvzbh0000gn/T//RtmpruRab6/439 /var/folders/zj/qks7f18j3cz0b50t1p0qvzbh0000gn/T//RtmpruRab6/440 /var/folders/zj/qks7f18j3cz0b50t1p0qvzbh0000gn/T//RtmpruRab6/441 /var/folders/zj/qks7f18j3cz0b50t1p0qvzbh0000gn/T//RtmpruRab6/442 /var/folders/zj/qks7f18j3cz0b50t1p0qvzbh0000gn/T//RtmpruRab6/443 /var/folders/zj/qks7f18j3cz0b50t1p0qvzbh0000gn/T//RtmpruRab6/444 /var/folders/zj/qks7f18j3cz0b50t1p0qvzbh0000gn/T//RtmpruRab6/445 /var/folders/zj/qks7f18j3cz0b50t1p0qvzbh0000gn/T//RtmpruRab6/446 /var/folders/zj/qks7f18j3cz0b50t1p0qvzbh0000gn/T//RtmpruRab6/447 /var/folders/zj/qks7f18j3cz0b50t1p0qvzbh0000gn/T//RtmpruRab6/448 /var/folders/zj/qks7f18j3cz0b50t1p0qvzbh0000gn/T//RtmpruRab6/449 /var/folders/zj/qks7f18j3cz0b50t1p0qvzbh0000gn/T//RtmpruRab6/450 /var/folders/zj/qks7f18j3cz0b50t1p0qvzbh0000gn/T//RtmpruRab6/451 /var/folders/zj/qks7f18j3cz0b50t1p0qvzbh0000gn/T//RtmpruRab6/452 /var/folders/zj/qks7f18j3cz0b50t1p0qvzbh0000gn/T//RtmpruRab6/453 /var/folders/zj/qks7f18j3cz0b50t1p0qvzbh0000gn/T//RtmpruRab6/454 /var/folders/zj/qks7f18j3cz0b50t1p0qvzbh0000gn/T//RtmpruRab6/455 /var/folders/zj/qks7f18j3cz0b50t1p0qvzbh0000gn/T//RtmpruRab6/456 /var/folders/zj/qks7f18j3cz0b50t1p0qvzbh0000gn/T//RtmpruRab6/457 /var/folders/zj/qks7f18j3cz0b50t1p0qvzbh0000gn/T//RtmpruRab6/458 /var/folders/zj/qks7f18j3cz0b50t1p0qvzbh0000gn/T//RtmpruRab6/459 /var/folders/zj/qks7f18j3cz0b50t1p0qvzbh0000gn/T//RtmpruRab6/460 /var/folders/zj/qks7f18j3cz0b50t1p0qvzbh0000gn/T//RtmpruRab6/461 /var/folders/zj/qks7f18j3cz0b50t1p0qvzbh0000gn/T//RtmpruRab6/462 /var/folders/zj/qks7f18j3cz0b50t1p0qvzbh0000gn/T//RtmpruRab6/463 /var/folders/zj/qks7f18j3cz0b50t1p0qvzbh0000gn/T//RtmpruRab6/464 /var/folders/zj/qks7f18j3cz0b50t1p0qvzbh0000gn/T//RtmpruRab6/465 /var/folders/zj/qks7f18j3cz0b50t1p0qvzbh0000gn/T//RtmpruRab6/466 /var/folders/zj/qks7f18j3cz0b50t1p0qvzbh0000gn/T//RtmpruRab6/467 /var/folders/zj/qks7f18j3cz0b50t1p0qvzbh0000gn/T//RtmpruRab6/468 /var/folders/zj/qks7f18j3cz0b50t1p0qvzbh0000gn/T//RtmpruRab6/469 /var/folders/zj/qks7f18j3cz0b50t1p0qvzbh0000gn/T//RtmpruRab6/470 /var/folders/zj/qks7f18j3cz0b50t1p0qvzbh0000gn/T//RtmpruRab6/471 /var/folders/zj/qks7f18j3cz0b50t1p0qvzbh0000gn/T//RtmpruRab6/472 /var/folders/zj/qks7f18j3cz0b50t1p0qvzbh0000gn/T//RtmpruRab6/473 /var/folders/zj/qks7f18j3cz0b50t1p0qvzbh0000gn/T//RtmpruRab6/474 /var/folders/zj/qks7f18j3cz0b50t1p0qvzbh0000gn/T//RtmpruRab6/475 /var/folders/zj/qks7f18j3cz0b50t1p0qvzbh0000gn/T//RtmpruRab6/476 /var/folders/zj/qks7f18j3cz0b50t1p0qvzbh0000gn/T//RtmpruRab6/477 /var/folders/zj/qks7f18j3cz0b50t1p0qvzbh0000gn/T//RtmpruRab6/478 /var/folders/zj/qks7f18j3cz0b50t1p0qvzbh0000gn/T//RtmpruRab6/479 /var/folders/zj/qks7f18j3cz0b50t1p0qvzbh0000gn/T//RtmpruRab6/480 /var/folders/zj/qks7f18j3cz0b50t1p0qvzbh0000gn/T//RtmpruRab6/481 /var/folders/zj/qks7f18j3cz0b50t1p0qvzbh0000gn/T//RtmpruRab6/482 /var/folders/zj/qks7f18j3cz0b50t1p0qvzbh0000gn/T//RtmpruRab6/483 /var/folders/zj/qks7f18j3cz0b50t1p0qvzbh0000gn/T//RtmpruRab6/484 /var/folders/zj/qks7f18j3cz0b50t1p0qvzbh0000gn/T//RtmpruRab6/485 /var/folders/zj/qks7f18j3cz0b50t1p0qvzbh0000gn/T//RtmpruRab6/486 /var/folders/zj/qks7f18j3cz0b50t1p0qvzbh0000gn/T//RtmpruRab6/487 /var/folders/zj/qks7f18j3cz0b50t1p0qvzbh0000gn/T//RtmpruRab6/488 /var/folders/zj/qks7f18j3cz0b50t1p0qvzbh0000gn/T//RtmpruRab6/489 /var/folders/zj/qks7f18j3cz0b50t1p0qvzbh0000gn/T//RtmpruRab6/490 /var/folders/zj/qks7f18j3cz0b50t1p0qvzbh0000gn/T//RtmpruRab6/491 /var/folders/zj/qks7f18j3cz0b50t1p0qvzbh0000gn/T//RtmpruRab6/492 /var/folders/zj/qks7f18j3cz0b50t1p0qvzbh0000gn/T//RtmpruRab6/493 /var/folders/zj/qks7f18j3cz0b50t1p0qvzbh0000gn/T//RtmpruRab6/494 /var/folders/zj/qks7f18j3cz0b50t1p0qvzbh0000gn/T//RtmpruRab6/495 /var/folders/zj/qks7f18j3cz0b50t1p0qvzbh0000gn/T//RtmpruRab6/496 /var/folders/zj/qks7f18j3cz0b50t1p0qvzbh0000gn/T//RtmpruRab6/497 /var/folders/zj/qks7f18j3cz0b50t1p0qvzbh0000gn/T//RtmpruRab6/498 /var/folders/zj/qks7f18j3cz0b50t1p0qvzbh0000gn/T//RtmpruRab6/499 /var/folders/zj/qks7f18j3cz0b50t1p0qvzbh0000gn/T//RtmpruRab6/500 /var/folders/zj/qks7f18j3cz0b50t1p0qvzbh0000gn/T//RtmpruRab6/501 /var/folders/zj/qks7f18j3cz0b50t1p0qvzbh0000gn/T//RtmpruRab6/502 /var/folders/zj/qks7f18j3cz0b50t1p0qvzbh0000gn/T//RtmpruRab6/503 /var/folders/zj/qks7f18j3cz0b50t1p0qvzbh0000gn/T//RtmpruRab6/504 /var/folders/zj/qks7f18j3cz0b50t1p0qvzbh0000gn/T//RtmpruRab6/505 /var/folders/zj/qks7f18j3cz0b50t1p0qvzbh0000gn/T//RtmpruRab6/506 /var/folders/zj/qks7f18j3cz0b50t1p0qvzbh0000gn/T//RtmpruRab6/507 /var/folders/zj/qks7f18j3cz0b50t1p0qvzbh0000gn/T//RtmpruRab6/508 /var/folders/zj/qks7f18j3cz0b50t1p0qvzbh0000gn/T//RtmpruRab6/509 /var/folders/zj/qks7f18j3cz0b50t1p0qvzbh0000gn/T//RtmpruRab6/510 /var/folders/zj/qks7f18j3cz0b50t1p0qvzbh0000gn/T//RtmpruRab6/511 /var/folders/zj/qks7f18j3cz0b50t1p0qvzbh0000gn/T//RtmpruRab6/512 /var/folders/zj/qks7f18j3cz0b50t1p0qvzbh0000gn/T//RtmpruRab6/513 /var/folders/zj/qks7f18j3cz0b50t1p0qvzbh0000gn/T//RtmpruRab6/514 /var/folders/zj/qks7f18j3cz0b50t1p0qvzbh0000gn/T//RtmpruRab6/515 /var/folders/zj/qks7f18j3cz0b50t1p0qvzbh0000gn/T//RtmpruRab6/516 /var/folders/zj/qks7f18j3cz0b50t1p0qvzbh0000gn/T//RtmpruRab6/517 /var/folders/zj/qks7f18j3cz0b50t1p0qvzbh0000gn/T//RtmpruRab6/518 /var/folders/zj/qks7f18j3cz0b50t1p0qvzbh0000gn/T//RtmpruRab6/519 /var/folders/zj/qks7f18j3cz0b50t1p0qvzbh0000gn/T//RtmpruRab6/520 /var/folders/zj/qks7f18j3cz0b50t1p0qvzbh0000gn/T//RtmpruRab6/521 /var/folders/zj/qks7f18j3cz0b50t1p0qvzbh0000gn/T//RtmpruRab6/522 /var/folders/zj/qks7f18j3cz0b50t1p0qvzbh0000gn/T//RtmpruRab6/523 /var/folders/zj/qks7f18j3cz0b50t1p0qvzbh0000gn/T//RtmpruRab6/524 /var/folders/zj/qks7f18j3cz0b50t1p0qvzbh0000gn/T//RtmpruRab6/525 /var/folders/zj/qks7f18j3cz0b50t1p0qvzbh0000gn/T//RtmpruRab6/526 /var/folders/zj/qks7f18j3cz0b50t1p0qvzbh0000gn/T//RtmpruRab6/527 /var/folders/zj/qks7f18j3cz0b50t1p0qvzbh0000gn/T//RtmpruRab6/528 /var/folders/zj/qks7f18j3cz0b50t1p0qvzbh0000gn/T//RtmpruRab6/529 /var/folders/zj/qks7f18j3cz0b50t1p0qvzbh0000gn/T//RtmpruRab6/530 /var/folders/zj/qks7f18j3cz0b50t1p0qvzbh0000gn/T//RtmpruRab6/531 /var/folders/zj/qks7f18j3cz0b50t1p0qvzbh0000gn/T//RtmpruRab6/532 /var/folders/zj/qks7f18j3cz0b50t1p0qvzbh0000gn/T//RtmpruRab6/533 /var/folders/zj/qks7f18j3cz0b50t1p0qvzbh0000gn/T//RtmpruRab6/534 /var/folders/zj/qks7f18j3cz0b50t1p0qvzbh0000gn/T//RtmpruRab6/535 /var/folders/zj/qks7f18j3cz0b50t1p0qvzbh0000gn/T//RtmpruRab6/536 /var/folders/zj/qks7f18j3cz0b50t1p0qvzbh0000gn/T//RtmpruRab6/537 /var/folders/zj/qks7f18j3cz0b50t1p0qvzbh0000gn/T//RtmpruRab6/538 /var/folders/zj/qks7f18j3cz0b50t1p0qvzbh0000gn/T//RtmpruRab6/539 /var/folders/zj/qks7f18j3cz0b50t1p0qvzbh0000gn/T//RtmpruRab6/540 /var/folders/zj/qks7f18j3cz0b50t1p0qvzbh0000gn/T//RtmpruRab6/541 /var/folders/zj/qks7f18j3cz0b50t1p0qvzbh0000gn/T//RtmpruRab6/542 /var/folders/zj/qks7f18j3cz0b50t1p0qvzbh0000gn/T//RtmpruRab6/543 /var/folders/zj/qks7f18j3cz0b50t1p0qvzbh0000gn/T//RtmpruRab6/544 /var/folders/zj/qks7f18j3cz0b50t1p0qvzbh0000gn/T//RtmpruRab6/545 /var/folders/zj/qks7f18j3cz0b50t1p0qvzbh0000gn/T//RtmpruRab6/546 /var/folders/zj/qks7f18j3cz0b50t1p0qvzbh0000gn/T//RtmpruRab6/547 /var/folders/zj/qks7f18j3cz0b50t1p0qvzbh0000gn/T//RtmpruRab6/548 /var/folders/zj/qks7f18j3cz0b50t1p0qvzbh0000gn/T//RtmpruRab6/549 /var/folders/zj/qks7f18j3cz0b50t1p0qvzbh0000gn/T//RtmpruRab6/550 /var/folders/zj/qks7f18j3cz0b50t1p0qvzbh0000gn/T//RtmpruRab6/551 /var/folders/zj/qks7f18j3cz0b50t1p0qvzbh0000gn/T//RtmpruRab6/552 /var/folders/zj/qks7f18j3cz0b50t1p0qvzbh0000gn/T//RtmpruRab6/553 /var/folders/zj/qks7f18j3cz0b50t1p0qvzbh0000gn/T//RtmpruRab6/554 /var/folders/zj/qks7f18j3cz0b50t1p0qvzbh0000gn/T//RtmpruRab6/555 /var/folders/zj/qks7f18j3cz0b50t1p0qvzbh0000gn/T//RtmpruRab6/556 /var/folders/zj/qks7f18j3cz0b50t1p0qvzbh0000gn/T//RtmpruRab6/557 /var/folders/zj/qks7f18j3cz0b50t1p0qvzbh0000gn/T//RtmpruRab6/558 /var/folders/zj/qks7f18j3cz0b50t1p0qvzbh0000gn/T//RtmpruRab6/559 /var/folders/zj/qks7f18j3cz0b50t1p0qvzbh0000gn/T//RtmpruRab6/560 /var/folders/zj/qks7f18j3cz0b50t1p0qvzbh0000gn/T//RtmpruRab6/561 /var/folders/zj/qks7f18j3cz0b50t1p0qvzbh0000gn/T//RtmpruRab6/562 /var/folders/zj/qks7f18j3cz0b50t1p0qvzbh0000gn/T//RtmpruRab6/563 /var/folders/zj/qks7f18j3cz0b50t1p0qvzbh0000gn/T//RtmpruRab6/564 /var/folders/zj/qks7f18j3cz0b50t1p0qvzbh0000gn/T//RtmpruRab6/565 /var/folders/zj/qks7f18j3cz0b50t1p0qvzbh0000gn/T//RtmpruRab6/566 /var/folders/zj/qks7f18j3cz0b50t1p0qvzbh0000gn/T//RtmpruRab6/567 /var/folders/zj/qks7f18j3cz0b50t1p0qvzbh0000gn/T//RtmpruRab6/568 /var/folders/zj/qks7f18j3cz0b50t1p0qvzbh0000gn/T//RtmpruRab6/569 /var/folders/zj/qks7f18j3cz0b50t1p0qvzbh0000gn/T//RtmpruRab6/570 /var/folders/zj/qks7f18j3cz0b50t1p0qvzbh0000gn/T//RtmpruRab6/571 /var/folders/zj/qks7f18j3cz0b50t1p0qvzbh0000gn/T//RtmpruRab6/572 /var/folders/zj/qks7f18j3cz0b50t1p0qvzbh0000gn/T//RtmpruRab6/573 /var/folders/zj/qks7f18j3cz0b50t1p0qvzbh0000gn/T//RtmpruRab6/574 /var/folders/zj/qks7f18j3cz0b50t1p0qvzbh0000gn/T//RtmpruRab6/575 /var/folders/zj/qks7f18j3cz0b50t1p0qvzbh0000gn/T//RtmpruRab6/576 /var/folders/zj/qks7f18j3cz0b50t1p0qvzbh0000gn/T//RtmpruRab6/577 /var/folders/zj/qks7f18j3cz0b50t1p0qvzbh0000gn/T//RtmpruRab6/578 /var/folders/zj/qks7f18j3cz0b50t1p0qvzbh0000gn/T//RtmpruRab6/579 /var/folders/zj/qks7f18j3cz0b50t1p0qvzbh0000gn/T//RtmpruRab6/580 /var/folders/zj/qks7f18j3cz0b50t1p0qvzbh0000gn/T//RtmpruRab6/581 /var/folders/zj/qks7f18j3cz0b50t1p0qvzbh0000gn/T//RtmpruRab6/582 /var/folders/zj/qks7f18j3cz0b50t1p0qvzbh0000gn/T//RtmpruRab6/583 /var/folders/zj/qks7f18j3cz0b50t1p0qvzbh0000gn/T//RtmpruRab6/584 /var/folders/zj/qks7f18j3cz0b50t1p0qvzbh0000gn/T//RtmpruRab6/585 /var/folders/zj/qks7f18j3cz0b50t1p0qvzbh0000gn/T//RtmpruRab6/586 /var/folders/zj/qks7f18j3cz0b50t1p0qvzbh0000gn/T//RtmpruRab6/587 /var/folders/zj/qks7f18j3cz0b50t1p0qvzbh0000gn/T//RtmpruRab6/588 /var/folders/zj/qks7f18j3cz0b50t1p0qvzbh0000gn/T//RtmpruRab6/589 /var/folders/zj/qks7f18j3cz0b50t1p0qvzbh0000gn/T//RtmpruRab6/590 /var/folders/zj/qks7f18j3cz0b50t1p0qvzbh0000gn/T//RtmpruRab6/591 /var/folders/zj/qks7f18j3cz0b50t1p0qvzbh0000gn/T//RtmpruRab6/592 /var/folders/zj/qks7f18j3cz0b50t1p0qvzbh0000gn/T//RtmpruRab6/593 /var/folders/zj/qks7f18j3cz0b50t1p0qvzbh0000gn/T//RtmpruRab6/594 /var/folders/zj/qks7f18j3cz0b50t1p0qvzbh0000gn/T//RtmpruRab6/595 /var/folders/zj/qks7f18j3cz0b50t1p0qvzbh0000gn/T//RtmpruRab6/596 /var/folders/zj/qks7f18j3cz0b50t1p0qvzbh0000gn/T//RtmpruRab6/597 /var/folders/zj/qks7f18j3cz0b50t1p0qvzbh0000gn/T//RtmpruRab6/598 /var/folders/zj/qks7f18j3cz0b50t1p0qvzbh0000gn/T//RtmpruRab6/599 /var/folders/zj/qks7f18j3cz0b50t1p0qvzbh0000gn/T//RtmpruRab6/600 /var/folders/zj/qks7f18j3cz0b50t1p0qvzbh0000gn/T//RtmpruRab6/601 /var/folders/zj/qks7f18j3cz0b50t1p0qvzbh0000gn/T//RtmpruRab6/602 /var/folders/zj/qks7f18j3cz0b50t1p0qvzbh0000gn/T//RtmpruRab6/603 /var/folders/zj/qks7f18j3cz0b50t1p0qvzbh0000gn/T//RtmpruRab6/604 /var/folders/zj/qks7f18j3cz0b50t1p0qvzbh0000gn/T//RtmpruRab6/605 /var/folders/zj/qks7f18j3cz0b50t1p0qvzbh0000gn/T//RtmpruRab6/606 /var/folders/zj/qks7f18j3cz0b50t1p0qvzbh0000gn/T//RtmpruRab6/607 /var/folders/zj/qks7f18j3cz0b50t1p0qvzbh0000gn/T//RtmpruRab6/608 /var/folders/zj/qks7f18j3cz0b50t1p0qvzbh0000gn/T//RtmpruRab6/609 /var/folders/zj/qks7f18j3cz0b50t1p0qvzbh0000gn/T//RtmpruRab6/610 /var/folders/zj/qks7f18j3cz0b50t1p0qvzbh0000gn/T//RtmpruRab6/611 /var/folders/zj/qks7f18j3cz0b50t1p0qvzbh0000gn/T//RtmpruRab6/612 /var/folders/zj/qks7f18j3cz0b50t1p0qvzbh0000gn/T//RtmpruRab6/613 /var/folders/zj/qks7f18j3cz0b50t1p0qvzbh0000gn/T//RtmpruRab6/614 /var/folders/zj/qks7f18j3cz0b50t1p0qvzbh0000gn/T//RtmpruRab6/615 /var/folders/zj/qks7f18j3cz0b50t1p0qvzbh0000gn/T//RtmpruRab6/616 /var/folders/zj/qks7f18j3cz0b50t1p0qvzbh0000gn/T//RtmpruRab6/617 /var/folders/zj/qks7f18j3cz0b50t1p0qvzbh0000gn/T//RtmpruRab6/618 /var/folders/zj/qks7f18j3cz0b50t1p0qvzbh0000gn/T//RtmpruRab6/619 /var/folders/zj/qks7f18j3cz0b50t1p0qvzbh0000gn/T//RtmpruRab6/620 /var/folders/zj/qks7f18j3cz0b50t1p0qvzbh0000gn/T//RtmpruRab6/621 /var/folders/zj/qks7f18j3cz0b50t1p0qvzbh0000gn/T//RtmpruRab6/622 /var/folders/zj/qks7f18j3cz0b50t1p0qvzbh0000gn/T//RtmpruRab6/623 /var/folders/zj/qks7f18j3cz0b50t1p0qvzbh0000gn/T//RtmpruRab6/624 /var/folders/zj/qks7f18j3cz0b50t1p0qvzbh0000gn/T//RtmpruRab6/625 /var/folders/zj/qks7f18j3cz0b50t1p0qvzbh0000gn/T//RtmpruRab6/626 /var/folders/zj/qks7f18j3cz0b50t1p0qvzbh0000gn/T//RtmpruRab6/627 /var/folders/zj/qks7f18j3cz0b50t1p0qvzbh0000gn/T//RtmpruRab6/628 /var/folders/zj/qks7f18j3cz0b50t1p0qvzbh0000gn/T//RtmpruRab6/629 /var/folders/zj/qks7f18j3cz0b50t1p0qvzbh0000gn/T//RtmpruRab6/630 /var/folders/zj/qks7f18j3cz0b50t1p0qvzbh0000gn/T//RtmpruRab6/631 /var/folders/zj/qks7f18j3cz0b50t1p0qvzbh0000gn/T//RtmpruRab6/632 /var/folders/zj/qks7f18j3cz0b50t1p0qvzbh0000gn/T//RtmpruRab6/633 /var/folders/zj/qks7f18j3cz0b50t1p0qvzbh0000gn/T//RtmpruRab6/634 /var/folders/zj/qks7f18j3cz0b50t1p0qvzbh0000gn/T//RtmpruRab6/635 /var/folders/zj/qks7f18j3cz0b50t1p0qvzbh0000gn/T//RtmpruRab6/636 /var/folders/zj/qks7f18j3cz0b50t1p0qvzbh0000gn/T//RtmpruRab6/637 /var/folders/zj/qks7f18j3cz0b50t1p0qvzbh0000gn/T//RtmpruRab6/638 /var/folders/zj/qks7f18j3cz0b50t1p0qvzbh0000gn/T//RtmpruRab6/639 /var/folders/zj/qks7f18j3cz0b50t1p0qvzbh0000gn/T//RtmpruRab6/640 /var/folders/zj/qks7f18j3cz0b50t1p0qvzbh0000gn/T//RtmpruRab6/641 /var/folders/zj/qks7f18j3cz0b50t1p0qvzbh0000gn/T//RtmpruRab6/642 /var/folders/zj/qks7f18j3cz0b50t1p0qvzbh0000gn/T//RtmpruRab6/643 /var/folders/zj/qks7f18j3cz0b50t1p0qvzbh0000gn/T//RtmpruRab6/644 /var/folders/zj/qks7f18j3cz0b50t1p0qvzbh0000gn/T//RtmpruRab6/645 /var/folders/zj/qks7f18j3cz0b50t1p0qvzbh0000gn/T//RtmpruRab6/646 /var/folders/zj/qks7f18j3cz0b50t1p0qvzbh0000gn/T//RtmpruRab6/647 /var/folders/zj/qks7f18j3cz0b50t1p0qvzbh0000gn/T//RtmpruRab6/648 /var/folders/zj/qks7f18j3cz0b50t1p0qvzbh0000gn/T//RtmpruRab6/649 /var/folders/zj/qks7f18j3cz0b50t1p0qvzbh0000gn/T//RtmpruRab6/650 /var/folders/zj/qks7f18j3cz0b50t1p0qvzbh0000gn/T//RtmpruRab6/651 /var/folders/zj/qks7f18j3cz0b50t1p0qvzbh0000gn/T//RtmpruRab6/652 /var/folders/zj/qks7f18j3cz0b50t1p0qvzbh0000gn/T//RtmpruRab6/653 /var/folders/zj/qks7f18j3cz0b50t1p0qvzbh0000gn/T//RtmpruRab6/654 /var/folders/zj/qks7f18j3cz0b50t1p0qvzbh0000gn/T//RtmpruRab6/655 /var/folders/zj/qks7f18j3cz0b50t1p0qvzbh0000gn/T//RtmpruRab6/656 /var/folders/zj/qks7f18j3cz0b50t1p0qvzbh0000gn/T//RtmpruRab6/657 /var/folders/zj/qks7f18j3cz0b50t1p0qvzbh0000gn/T//RtmpruRab6/658 /var/folders/zj/qks7f18j3cz0b50t1p0qvzbh0000gn/T//RtmpruRab6/659 /var/folders/zj/qks7f18j3cz0b50t1p0qvzbh0000gn/T//RtmpruRab6/660 /var/folders/zj/qks7f18j3cz0b50t1p0qvzbh0000gn/T//RtmpruRab6/661 /var/folders/zj/qks7f18j3cz0b50t1p0qvzbh0000gn/T//RtmpruRab6/662 /var/folders/zj/qks7f18j3cz0b50t1p0qvzbh0000gn/T//RtmpruRab6/663 /var/folders/zj/qks7f18j3cz0b50t1p0qvzbh0000gn/T//RtmpruRab6/664 /var/folders/zj/qks7f18j3cz0b50t1p0qvzbh0000gn/T//RtmpruRab6/665 /var/folders/zj/qks7f18j3cz0b50t1p0qvzbh0000gn/T//RtmpruRab6/666 /var/folders/zj/qks7f18j3cz0b50t1p0qvzbh0000gn/T//RtmpruRab6/667 /var/folders/zj/qks7f18j3cz0b50t1p0qvzbh0000gn/T//RtmpruRab6/668 /var/folders/zj/qks7f18j3cz0b50t1p0qvzbh0000gn/T//RtmpruRab6/669 /var/folders/zj/qks7f18j3cz0b50t1p0qvzbh0000gn/T//RtmpruRab6/670 /var/folders/zj/qks7f18j3cz0b50t1p0qvzbh0000gn/T//RtmpruRab6/671 /var/folders/zj/qks7f18j3cz0b50t1p0qvzbh0000gn/T//RtmpruRab6/672 /var/folders/zj/qks7f18j3cz0b50t1p0qvzbh0000gn/T//RtmpruRab6/673 /var/folders/zj/qks7f18j3cz0b50t1p0qvzbh0000gn/T//RtmpruRab6/674 /var/folders/zj/qks7f18j3cz0b50t1p0qvzbh0000gn/T//RtmpruRab6/675 /var/folders/zj/qks7f18j3cz0b50t1p0qvzbh0000gn/T//RtmpruRab6/676 /var/folders/zj/qks7f18j3cz0b50t1p0qvzbh0000gn/T//RtmpruRab6/677 /var/folders/zj/qks7f18j3cz0b50t1p0qvzbh0000gn/T//RtmpruRab6/678 /var/folders/zj/qks7f18j3cz0b50t1p0qvzbh0000gn/T//RtmpruRab6/679 /var/folders/zj/qks7f18j3cz0b50t1p0qvzbh0000gn/T//RtmpruRab6/680 /var/folders/zj/qks7f18j3cz0b50t1p0qvzbh0000gn/T//RtmpruRab6/681 /var/folders/zj/qks7f18j3cz0b50t1p0qvzbh0000gn/T//RtmpruRab6/682 /var/folders/zj/qks7f18j3cz0b50t1p0qvzbh0000gn/T//RtmpruRab6/683 /var/folders/zj/qks7f18j3cz0b50t1p0qvzbh0000gn/T//RtmpruRab6/684 /var/folders/zj/qks7f18j3cz0b50t1p0qvzbh0000gn/T//RtmpruRab6/685 /var/folders/zj/qks7f18j3cz0b50t1p0qvzbh0000gn/T//RtmpruRab6/686 /var/folders/zj/qks7f18j3cz0b50t1p0qvzbh0000gn/T//RtmpruRab6/687 /var/folders/zj/qks7f18j3cz0b50t1p0qvzbh0000gn/T//RtmpruRab6/688 /var/folders/zj/qks7f18j3cz0b50t1p0qvzbh0000gn/T//RtmpruRab6/689 /var/folders/zj/qks7f18j3cz0b50t1p0qvzbh0000gn/T//RtmpruRab6/690 /var/folders/zj/qks7f18j3cz0b50t1p0qvzbh0000gn/T//RtmpruRab6/691 /var/folders/zj/qks7f18j3cz0b50t1p0qvzbh0000gn/T//RtmpruRab6/692 /var/folders/zj/qks7f18j3cz0b50t1p0qvzbh0000gn/T//RtmpruRab6/693 /var/folders/zj/qks7f18j3cz0b50t1p0qvzbh0000gn/T//RtmpruRab6/694 /var/folders/zj/qks7f18j3cz0b50t1p0qvzbh0000gn/T//RtmpruRab6/695 /var/folders/zj/qks7f18j3cz0b50t1p0qvzbh0000gn/T//RtmpruRab6/696 /var/folders/zj/qks7f18j3cz0b50t1p0qvzbh0000gn/T//RtmpruRab6/697 /var/folders/zj/qks7f18j3cz0b50t1p0qvzbh0000gn/T//RtmpruRab6/698 /var/folders/zj/qks7f18j3cz0b50t1p0qvzbh0000gn/T//RtmpruRab6/699 /var/folders/zj/qks7f18j3cz0b50t1p0qvzbh0000gn/T//RtmpruRab6/700 /var/folders/zj/qks7f18j3cz0b50t1p0qvzbh0000gn/T//RtmpruRab6/701 /var/folders/zj/qks7f18j3cz0b50t1p0qvzbh0000gn/T//RtmpruRab6/702 /var/folders/zj/qks7f18j3cz0b50t1p0qvzbh0000gn/T//RtmpruRab6/703 /var/folders/zj/qks7f18j3cz0b50t1p0qvzbh0000gn/T//RtmpruRab6/704 /var/folders/zj/qks7f18j3cz0b50t1p0qvzbh0000gn/T//RtmpruRab6/705 /var/folders/zj/qks7f18j3cz0b50t1p0qvzbh0000gn/T//RtmpruRab6/706 /var/folders/zj/qks7f18j3cz0b50t1p0qvzbh0000gn/T//RtmpruRab6/707 /var/folders/zj/qks7f18j3cz0b50t1p0qvzbh0000gn/T//RtmpruRab6/708 /var/folders/zj/qks7f18j3cz0b50t1p0qvzbh0000gn/T//RtmpruRab6/709 /var/folders/zj/qks7f18j3cz0b50t1p0qvzbh0000gn/T//RtmpruRab6/710 /var/folders/zj/qks7f18j3cz0b50t1p0qvzbh0000gn/T//RtmpruRab6/711 /var/folders/zj/qks7f18j3cz0b50t1p0qvzbh0000gn/T//RtmpruRab6/712 /var/folders/zj/qks7f18j3cz0b50t1p0qvzbh0000gn/T//RtmpruRab6/713 /var/folders/zj/qks7f18j3cz0b50t1p0qvzbh0000gn/T//RtmpruRab6/714 /var/folders/zj/qks7f18j3cz0b50t1p0qvzbh0000gn/T//RtmpruRab6/715 /var/folders/zj/qks7f18j3cz0b50t1p0qvzbh0000gn/T//RtmpruRab6/716 /var/folders/zj/qks7f18j3cz0b50t1p0qvzbh0000gn/T//RtmpruRab6/717 /var/folders/zj/qks7f18j3cz0b50t1p0qvzbh0000gn/T//RtmpruRab6/718 /var/folders/zj/qks7f18j3cz0b50t1p0qvzbh0000gn/T//RtmpruRab6/719 /var/folders/zj/qks7f18j3cz0b50t1p0qvzbh0000gn/T//RtmpruRab6/720 /var/folders/zj/qks7f18j3cz0b50t1p0qvzbh0000gn/T//RtmpruRab6/721 /var/folders/zj/qks7f18j3cz0b50t1p0qvzbh0000gn/T//RtmpruRab6/722 /var/folders/zj/qks7f18j3cz0b50t1p0qvzbh0000gn/T//RtmpruRab6/723 /var/folders/zj/qks7f18j3cz0b50t1p0qvzbh0000gn/T//RtmpruRab6/724 /var/folders/zj/qks7f18j3cz0b50t1p0qvzbh0000gn/T//RtmpruRab6/725 /var/folders/zj/qks7f18j3cz0b50t1p0qvzbh0000gn/T//RtmpruRab6/726 /var/folders/zj/qks7f18j3cz0b50t1p0qvzbh0000gn/T//RtmpruRab6/727 /var/folders/zj/qks7f18j3cz0b50t1p0qvzbh0000gn/T//RtmpruRab6/728 /var/folders/zj/qks7f18j3cz0b50t1p0qvzbh0000gn/T//RtmpruRab6/729 /var/folders/zj/qks7f18j3cz0b50t1p0qvzbh0000gn/T//RtmpruRab6/730 /var/folders/zj/qks7f18j3cz0b50t1p0qvzbh0000gn/T//RtmpruRab6/731 /var/folders/zj/qks7f18j3cz0b50t1p0qvzbh0000gn/T//RtmpruRab6/732 /var/folders/zj/qks7f18j3cz0b50t1p0qvzbh0000gn/T//RtmpruRab6/733 /var/folders/zj/qks7f18j3cz0b50t1p0qvzbh0000gn/T//RtmpruRab6/734 /var/folders/zj/qks7f18j3cz0b50t1p0qvzbh0000gn/T//RtmpruRab6/735 /var/folders/zj/qks7f18j3cz0b50t1p0qvzbh0000gn/T//RtmpruRab6/736 /var/folders/zj/qks7f18j3cz0b50t1p0qvzbh0000gn/T//RtmpruRab6/737 /var/folders/zj/qks7f18j3cz0b50t1p0qvzbh0000gn/T//RtmpruRab6/738 /var/folders/zj/qks7f18j3cz0b50t1p0qvzbh0000gn/T//RtmpruRab6/739 /var/folders/zj/qks7f18j3cz0b50t1p0qvzbh0000gn/T//RtmpruRab6/740 /var/folders/zj/qks7f18j3cz0b50t1p0qvzbh0000gn/T//RtmpruRab6/741 /var/folders/zj/qks7f18j3cz0b50t1p0qvzbh0000gn/T//RtmpruRab6/742 /var/folders/zj/qks7f18j3cz0b50t1p0qvzbh0000gn/T//RtmpruRab6/743 /var/folders/zj/qks7f18j3cz0b50t1p0qvzbh0000gn/T//RtmpruRab6/744 /var/folders/zj/qks7f18j3cz0b50t1p0qvzbh0000gn/T//RtmpruRab6/745 /var/folders/zj/qks7f18j3cz0b50t1p0qvzbh0000gn/T//RtmpruRab6/746 /var/folders/zj/qks7f18j3cz0b50t1p0qvzbh0000gn/T//RtmpruRab6/747 /var/folders/zj/qks7f18j3cz0b50t1p0qvzbh0000gn/T//RtmpruRab6/748 /var/folders/zj/qks7f18j3cz0b50t1p0qvzbh0000gn/T//RtmpruRab6/749 /var/folders/zj/qks7f18j3cz0b50t1p0qvzbh0000gn/T//RtmpruRab6/750 /var/folders/zj/qks7f18j3cz0b50t1p0qvzbh0000gn/T//RtmpruRab6/751 /var/folders/zj/qks7f18j3cz0b50t1p0qvzbh0000gn/T//RtmpruRab6/752 /var/folders/zj/qks7f18j3cz0b50t1p0qvzbh0000gn/T//RtmpruRab6/753 /var/folders/zj/qks7f18j3cz0b50t1p0qvzbh0000gn/T//RtmpruRab6/754 /var/folders/zj/qks7f18j3cz0b50t1p0qvzbh0000gn/T//RtmpruRab6/755 /var/folders/zj/qks7f18j3cz0b50t1p0qvzbh0000gn/T//RtmpruRab6/756 /var/folders/zj/qks7f18j3cz0b50t1p0qvzbh0000gn/T//RtmpruRab6/757 /var/folders/zj/qks7f18j3cz0b50t1p0qvzbh0000gn/T//RtmpruRab6/758 /var/folders/zj/qks7f18j3cz0b50t1p0qvzbh0000gn/T//RtmpruRab6/759 /var/folders/zj/qks7f18j3cz0b50t1p0qvzbh0000gn/T//RtmpruRab6/760 /var/folders/zj/qks7f18j3cz0b50t1p0qvzbh0000gn/T//RtmpruRab6/761 /var/folders/zj/qks7f18j3cz0b50t1p0qvzbh0000gn/T//RtmpruRab6/762 /var/folders/zj/qks7f18j3cz0b50t1p0qvzbh0000gn/T//RtmpruRab6/763 /var/folders/zj/qks7f18j3cz0b50t1p0qvzbh0000gn/T//RtmpruRab6/764 /var/folders/zj/qks7f18j3cz0b50t1p0qvzbh0000gn/T//RtmpruRab6/765 /var/folders/zj/qks7f18j3cz0b50t1p0qvzbh0000gn/T//RtmpruRab6/766 /var/folders/zj/qks7f18j3cz0b50t1p0qvzbh0000gn/T//RtmpruRab6/767 /var/folders/zj/qks7f18j3cz0b50t1p0qvzbh0000gn/T//RtmpruRab6/768 /var/folders/zj/qks7f18j3cz0b50t1p0qvzbh0000gn/T//RtmpruRab6/769 /var/folders/zj/qks7f18j3cz0b50t1p0qvzbh0000gn/T//RtmpruRab6/770 /var/folders/zj/qks7f18j3cz0b50t1p0qvzbh0000gn/T//RtmpruRab6/771 /var/folders/zj/qks7f18j3cz0b50t1p0qvzbh0000gn/T//RtmpruRab6/772 /var/folders/zj/qks7f18j3cz0b50t1p0qvzbh0000gn/T//RtmpruRab6/773 /var/folders/zj/qks7f18j3cz0b50t1p0qvzbh0000gn/T//RtmpruRab6/774 /var/folders/zj/qks7f18j3cz0b50t1p0qvzbh0000gn/T//RtmpruRab6/775 /var/folders/zj/qks7f18j3cz0b50t1p0qvzbh0000gn/T//RtmpruRab6/776 /var/folders/zj/qks7f18j3cz0b50t1p0qvzbh0000gn/T//RtmpruRab6/777 /var/folders/zj/qks7f18j3cz0b50t1p0qvzbh0000gn/T//RtmpruRab6/778 /var/folders/zj/qks7f18j3cz0b50t1p0qvzbh0000gn/T//RtmpruRab6/779 /var/folders/zj/qks7f18j3cz0b50t1p0qvzbh0000gn/T//RtmpruRab6/780 /var/folders/zj/qks7f18j3cz0b50t1p0qvzbh0000gn/T//RtmpruRab6/781 /var/folders/zj/qks7f18j3cz0b50t1p0qvzbh0000gn/T//RtmpruRab6/782 /var/folders/zj/qks7f18j3cz0b50t1p0qvzbh0000gn/T//RtmpruRab6/783 /var/folders/zj/qks7f18j3cz0b50t1p0qvzbh0000gn/T//RtmpruRab6/784 /var/folders/zj/qks7f18j3cz0b50t1p0qvzbh0000gn/T//RtmpruRab6/785 /var/folders/zj/qks7f18j3cz0b50t1p0qvzbh0000gn/T//RtmpruRab6/786 /var/folders/zj/qks7f18j3cz0b50t1p0qvzbh0000gn/T//RtmpruRab6/787 /var/folders/zj/qks7f18j3cz0b50t1p0qvzbh0000gn/T//RtmpruRab6/788 /var/folders/zj/qks7f18j3cz0b50t1p0qvzbh0000gn/T//RtmpruRab6/789 /var/folders/zj/qks7f18j3cz0b50t1p0qvzbh0000gn/T//RtmpruRab6/790 /var/folders/zj/qks7f18j3cz0b50t1p0qvzbh0000gn/T//RtmpruRab6/791 /var/folders/zj/qks7f18j3cz0b50t1p0qvzbh0000gn/T//RtmpruRab6/792 /var/folders/zj/qks7f18j3cz0b50t1p0qvzbh0000gn/T//RtmpruRab6/793 /var/folders/zj/qks7f18j3cz0b50t1p0qvzbh0000gn/T//RtmpruRab6/794 /var/folders/zj/qks7f18j3cz0b50t1p0qvzbh0000gn/T//RtmpruRab6/795 /var/folders/zj/qks7f18j3cz0b50t1p0qvzbh0000gn/T//RtmpruRab6/796 /var/folders/zj/qks7f18j3cz0b50t1p0qvzbh0000gn/T//RtmpruRab6/797 /var/folders/zj/qks7f18j3cz0b50t1p0qvzbh0000gn/T//RtmpruRab6/798 /var/folders/zj/qks7f18j3cz0b50t1p0qvzbh0000gn/T//RtmpruRab6/799 /var/folders/zj/qks7f18j3cz0b50t1p0qvzbh0000gn/T//RtmpruRab6/800 /var/folders/zj/qks7f18j3cz0b50t1p0qvzbh0000gn/T//RtmpruRab6/801 /var/folders/zj/qks7f18j3cz0b50t1p0qvzbh0000gn/T//RtmpruRab6/802 /var/folders/zj/qks7f18j3cz0b50t1p0qvzbh0000gn/T//RtmpruRab6/803 /var/folders/zj/qks7f18j3cz0b50t1p0qvzbh0000gn/T//RtmpruRab6/804 /var/folders/zj/qks7f18j3cz0b50t1p0qvzbh0000gn/T//RtmpruRab6/805 /var/folders/zj/qks7f18j3cz0b50t1p0qvzbh0000gn/T//RtmpruRab6/806 /var/folders/zj/qks7f18j3cz0b50t1p0qvzbh0000gn/T//RtmpruRab6/807 /var/folders/zj/qks7f18j3cz0b50t1p0qvzbh0000gn/T//RtmpruRab6/808 /var/folders/zj/qks7f18j3cz0b50t1p0qvzbh0000gn/T//RtmpruRab6/809 /var/folders/zj/qks7f18j3cz0b50t1p0qvzbh0000gn/T//RtmpruRab6/810 /var/folders/zj/qks7f18j3cz0b50t1p0qvzbh0000gn/T//RtmpruRab6/811 /var/folders/zj/qks7f18j3cz0b50t1p0qvzbh0000gn/T//RtmpruRab6/812 /var/folders/zj/qks7f18j3cz0b50t1p0qvzbh0000gn/T//RtmpruRab6/813 /var/folders/zj/qks7f18j3cz0b50t1p0qvzbh0000gn/T//RtmpruRab6/814 /var/folders/zj/qks7f18j3cz0b50t1p0qvzbh0000gn/T//RtmpruRab6/815 /var/folders/zj/qks7f18j3cz0b50t1p0qvzbh0000gn/T//RtmpruRab6/816 /var/folders/zj/qks7f18j3cz0b50t1p0qvzbh0000gn/T//RtmpruRab6/817 /var/folders/zj/qks7f18j3cz0b50t1p0qvzbh0000gn/T//RtmpruRab6/818 /var/folders/zj/qks7f18j3cz0b50t1p0qvzbh0000gn/T//RtmpruRab6/819 /var/folders/zj/qks7f18j3cz0b50t1p0qvzbh0000gn/T//RtmpruRab6/820 /var/folders/zj/qks7f18j3cz0b50t1p0qvzbh0000gn/T//RtmpruRab6/821 /var/folders/zj/qks7f18j3cz0b50t1p0qvzbh0000gn/T//RtmpruRab6/822 /var/folders/zj/qks7f18j3cz0b50t1p0qvzbh0000gn/T//RtmpruRab6/823 /var/folders/zj/qks7f18j3cz0b50t1p0qvzbh0000gn/T//RtmpruRab6/824 /var/folders/zj/qks7f18j3cz0b50t1p0qvzbh0000gn/T//RtmpruRab6/825 /var/folders/zj/qks7f18j3cz0b50t1p0qvzbh0000gn/T//RtmpruRab6/826 /var/folders/zj/qks7f18j3cz0b50t1p0qvzbh0000gn/T//RtmpruRab6/827 /var/folders/zj/qks7f18j3cz0b50t1p0qvzbh0000gn/T//RtmpruRab6/828 /var/folders/zj/qks7f18j3cz0b50t1p0qvzbh0000gn/T//RtmpruRab6/829 /var/folders/zj/qks7f18j3cz0b50t1p0qvzbh0000gn/T//RtmpruRab6/830 /var/folders/zj/qks7f18j3cz0b50t1p0qvzbh0000gn/T//RtmpruRab6/831 /var/folders/zj/qks7f18j3cz0b50t1p0qvzbh0000gn/T//RtmpruRab6/832 /var/folders/zj/qks7f18j3cz0b50t1p0qvzbh0000gn/T//RtmpruRab6/833 /var/folders/zj/qks7f18j3cz0b50t1p0qvzbh0000gn/T//RtmpruRab6/834 /var/folders/zj/qks7f18j3cz0b50t1p0qvzbh0000gn/T//RtmpruRab6/835 /var/folders/zj/qks7f18j3cz0b50t1p0qvzbh0000gn/T//RtmpruRab6/836 /var/folders/zj/qks7f18j3cz0b50t1p0qvzbh0000gn/T//RtmpruRab6/837 /var/folders/zj/qks7f18j3cz0b50t1p0qvzbh0000gn/T//RtmpruRab6/838 /var/folders/zj/qks7f18j3cz0b50t1p0qvzbh0000gn/T//RtmpruRab6/839 /var/folders/zj/qks7f18j3cz0b50t1p0qvzbh0000gn/T//RtmpruRab6/840 /var/folders/zj/qks7f18j3cz0b50t1p0qvzbh0000gn/T//RtmpruRab6/841 /var/folders/zj/qks7f18j3cz0b50t1p0qvzbh0000gn/T//RtmpruRab6/842 /var/folders/zj/qks7f18j3cz0b50t1p0qvzbh0000gn/T//RtmpruRab6/843 /var/folders/zj/qks7f18j3cz0b50t1p0qvzbh0000gn/T//RtmpruRab6/844 /var/folders/zj/qks7f18j3cz0b50t1p0qvzbh0000gn/T//RtmpruRab6/845 /var/folders/zj/qks7f18j3cz0b50t1p0qvzbh0000gn/T//RtmpruRab6/846 /var/folders/zj/qks7f18j3cz0b50t1p0qvzbh0000gn/T//RtmpruRab6/847 /var/folders/zj/qks7f18j3cz0b50t1p0qvzbh0000gn/T//RtmpruRab6/848 /var/folders/zj/qks7f18j3cz0b50t1p0qvzbh0000gn/T//RtmpruRab6/849 /var/folders/zj/qks7f18j3cz0b50t1p0qvzbh0000gn/T//RtmpruRab6/850 /var/folders/zj/qks7f18j3cz0b50t1p0qvzbh0000gn/T//RtmpruRab6/851 /var/folders/zj/qks7f18j3cz0b50t1p0qvzbh0000gn/T//RtmpruRab6/852 /var/folders/zj/qks7f18j3cz0b50t1p0qvzbh0000gn/T//RtmpruRab6/853 /var/folders/zj/qks7f18j3cz0b50t1p0qvzbh0000gn/T//RtmpruRab6/854 /var/folders/zj/qks7f18j3cz0b50t1p0qvzbh0000gn/T//RtmpruRab6/855 /var/folders/zj/qks7f18j3cz0b50t1p0qvzbh0000gn/T//RtmpruRab6/856 /var/folders/zj/qks7f18j3cz0b50t1p0qvzbh0000gn/T//RtmpruRab6/857 /var/folders/zj/qks7f18j3cz0b50t1p0qvzbh0000gn/T//RtmpruRab6/858 /var/folders/zj/qks7f18j3cz0b50t1p0qvzbh0000gn/T//RtmpruRab6/859 /var/folders/zj/qks7f18j3cz0b50t1p0qvzbh0000gn/T//RtmpruRab6/860 /var/folders/zj/qks7f18j3cz0b50t1p0qvzbh0000gn/T//RtmpruRab6/861 /var/folders/zj/qks7f18j3cz0b50t1p0qvzbh0000gn/T//RtmpruRab6/862 /var/folders/zj/qks7f18j3cz0b50t1p0qvzbh0000gn/T//RtmpruRab6/863 /var/folders/zj/qks7f18j3cz0b50t1p0qvzbh0000gn/T//RtmpruRab6/864 /var/folders/zj/qks7f18j3cz0b50t1p0qvzbh0000gn/T//RtmpruRab6/865 /var/folders/zj/qks7f18j3cz0b50t1p0qvzbh0000gn/T//RtmpruRab6/866 /var/folders/zj/qks7f18j3cz0b50t1p0qvzbh0000gn/T//RtmpruRab6/867 /var/folders/zj/qks7f18j3cz0b50t1p0qvzbh0000gn/T//RtmpruRab6/868 /var/folders/zj/qks7f18j3cz0b50t1p0qvzbh0000gn/T//RtmpruRab6/869 /var/folders/zj/qks7f18j3cz0b50t1p0qvzbh0000gn/T//RtmpruRab6/870 /var/folders/zj/qks7f18j3cz0b50t1p0qvzbh0000gn/T//RtmpruRab6/871 /var/folders/zj/qks7f18j3cz0b50t1p0qvzbh0000gn/T//RtmpruRab6/872 /var/folders/zj/qks7f18j3cz0b50t1p0qvzbh0000gn/T//RtmpruRab6/873 /var/folders/zj/qks7f18j3cz0b50t1p0qvzbh0000gn/T//RtmpruRab6/874 /var/folders/zj/qks7f18j3cz0b50t1p0qvzbh0000gn/T//RtmpruRab6/875 /var/folders/zj/qks7f18j3cz0b50t1p0qvzbh0000gn/T//RtmpruRab6/876 /var/folders/zj/qks7f18j3cz0b50t1p0qvzbh0000gn/T//RtmpruRab6/877 /var/folders/zj/qks7f18j3cz0b50t1p0qvzbh0000gn/T//RtmpruRab6/878 /var/folders/zj/qks7f18j3cz0b50t1p0qvzbh0000gn/T//RtmpruRab6/879
